site_id,helmet_compliance,ppe_compliance,equipment_condition,equipment_age_years,safety_delay,worker_count,site_type,weather_condition,supervisor_experience_years,incident_history_count,inspection_frequency_days,scaffolding_used,night_shift,risk_score
SITE_0001,71.7,71.1,56.0,5.6,High,152,Residential,Rain,10.3,1,2.7,No,Yes,64.9
SITE_0002,42.1,34.8,51.7,1.2,High,152,Highway,Clear,7.4,1,5.6,No,Yes,85.4
SITE_0003,81.5,77.4,73.7,1.2,Medium,71,Bridge,Fog,5.4,3,38.1,Yes,No,46.0
SITE_0004,85.7,92.0,70.0,0.5,High,188,Residential,Clear,15.8,3,27.4,No,No,50.7
SITE_0005,22.1,22.1,36.9,3.3,High,21,Commercial,Clear,4.6,0,13.1,Yes,Yes,96.7
SITE_0006,36.4,39.8,87.5,6.0,Low,27,Industrial,Extreme Heat,13.5,2,24.6,Yes,No,38.3
SITE_0007,67.8,74.5,63.1,20.3,Medium,9,Bridge,Clear,5.3,1,25.5,No,No,51.6
SITE_0008,58.0,54.3,42.8,1.6,Medium,186,Residential,Clear,5.0,1,34.5,Yes,No,60.4
SITE_0009,64.6,72.2,88.8,6.0,Low,40,Commercial,Extreme Heat,10.5,5,6.8,Yes,No,32.4
SITE_0010,46.2,50.0,77.5,3.1,Low,122,Commercial,Clear,7.6,3,1.0,No,No,39.1
SITE_0011,84.3,72.0,39.7,5.6,Low,164,Bridge,Clear,9.0,0,16.6,Yes,No,29.0
SITE_0012,82.1,96.5,100.0,8.1,Medium,155,Bridge,Clear,13.8,2,12.1,Yes,No,28.0
SITE_0013,66.5,61.4,78.2,2.9,High,190,Residential,Clear,11.7,1,7.0,No,Yes,61.5
SITE_0014,89.8,73.2,64.8,0.5,High,15,Bridge,Extreme Heat,6.8,0,20.2,Yes,No,71.7
SITE_0015,75.3,64.8,96.8,9.0,Low,84,Highway,Rain,16.0,1,12.8,No,No,10.3
SITE_0016,46.1,35.9,68.2,4.4,Low,104,Highway,Rain,5.6,0,33.4,Yes,No,43.9
SITE_0017,73.1,73.6,64.4,13.8,Medium,141,Residential,Clear,9.6,0,10.6,Yes,No,49.2
SITE_0018,43.9,41.2,51.8,1.2,Medium,127,Commercial,Rain,13.3,2,2.5,No,Yes,65.1
SITE_0019,84.3,81.0,76.6,0.8,High,114,Commercial,Rain,8.6,0,1.0,Yes,No,50.7
SITE_0020,63.9,70.1,74.5,1.1,High,65,Residential,Clear,6.5,1,6.5,No,No,67.6
SITE_0021,60.9,64.3,65.3,24.4,High,25,Commercial,Extreme Heat,8.7,1,10.0,No,No,70.8
SITE_0022,50.0,53.2,49.2,11.0,High,89,Residential,Rain,8.9,1,37.4,No,No,82.9
SITE_0023,91.9,96.0,67.6,1.8,High,55,Residential,Extreme Heat,5.7,1,11.7,Yes,No,57.3
SITE_0024,61.6,67.8,63.6,2.2,Medium,113,Highway,Clear,14.4,0,13.4,Yes,No,57.7
SITE_0025,55.6,34.5,38.3,5.9,Low,161,Residential,Clear,4.5,0,4.5,No,No,52.8
SITE_0026,57.3,53.6,35.6,3.4,Low,113,Highway,Storm,1.6,0,34.5,Yes,Yes,61.7
SITE_0027,76.7,54.9,76.3,2.0,Low,119,Residential,Extreme Heat,12.8,0,30.5,No,No,33.5
SITE_0028,73.0,73.4,13.0,2.4,Low,13,Bridge,Clear,8.6,1,81.9,No,No,53.8
SITE_0029,74.1,74.0,69.1,12.4,Low,131,Commercial,Clear,6.5,1,38.5,Yes,No,26.1
SITE_0030,74.5,84.9,55.4,6.7,High,91,Highway,Extreme Heat,10.2,4,55.1,Yes,No,75.4
SITE_0031,100.0,100.0,91.2,12.5,Low,29,Highway,Clear,7.2,2,2.3,No,Yes,16.2
SITE_0032,56.1,58.1,55.1,15.9,High,46,Commercial,Clear,3.7,0,36.0,No,No,85.9
SITE_0033,53.7,48.7,78.2,6.4,High,158,Bridge,Rain,4.3,1,1.0,Yes,No,68.2
SITE_0034,47.1,51.9,57.1,5.9,Medium,184,Residential,Clear,7.0,0,90.0,No,No,66.9
SITE_0035,78.6,73.3,67.3,1.0,Medium,104,Bridge,Clear,6.1,1,12.0,No,No,42.0
SITE_0036,89.8,89.8,79.7,4.3,Low,196,Residential,Clear,12.7,3,3.3,Yes,No,18.0
SITE_0037,62.5,72.4,55.7,2.2,Medium,40,Commercial,Extreme Heat,5.9,2,2.8,Yes,No,55.2
SITE_0038,46.5,40.9,84.9,14.9,Low,63,Residential,Clear,5.8,0,52.8,No,No,39.1
SITE_0039,46.9,54.9,45.1,2.0,High,187,Industrial,Rain,5.4,2,16.3,No,No,74.7
SITE_0040,79.3,86.1,70.9,2.4,Low,39,Commercial,Fog,5.1,2,1.0,No,No,25.6
SITE_0041,81.4,71.8,83.5,15.3,Low,134,Bridge,Rain,5.2,0,29.6,Yes,Yes,31.0
SITE_0042,76.9,86.7,78.2,23.4,Medium,48,Commercial,Rain,4.0,1,29.2,No,No,44.6
SITE_0043,50.4,57.3,100.0,6.0,Medium,69,Residential,Rain,8.8,0,14.9,No,No,55.8
SITE_0044,70.1,71.1,49.7,5.0,Medium,98,Residential,Clear,7.5,2,4.3,No,No,49.8
SITE_0045,67.6,59.9,37.4,2.0,Medium,75,Industrial,Rain,7.4,1,4.4,Yes,No,64.1
SITE_0046,69.8,61.2,45.1,8.8,Low,176,Highway,Fog,3.2,3,9.4,Yes,No,42.9
SITE_0047,84.2,78.8,78.2,4.1,Medium,195,Residential,Extreme Heat,9.8,2,15.6,Yes,No,41.2
SITE_0048,69.9,75.3,75.0,4.6,Low,103,Highway,Clear,10.2,2,77.2,Yes,Yes,47.9
SITE_0049,79.9,70.4,67.0,4.0,Low,107,Commercial,Clear,16.1,0,20.2,Yes,No,22.6
SITE_0050,66.5,70.9,42.5,3.9,Low,15,Residential,Extreme Heat,10.0,1,4.8,No,Yes,35.1
SITE_0051,71.4,58.9,80.3,2.0,Low,50,Commercial,Clear,17.7,2,19.1,Yes,No,33.2
SITE_0052,78.9,76.8,40.5,25.0,Low,12,Residential,Extreme Heat,5.6,0,66.2,No,No,34.1
SITE_0053,32.9,34.0,88.2,8.0,Medium,172,Residential,Clear,16.5,1,4.8,Yes,Yes,53.1
SITE_0054,58.0,82.4,100.0,24.4,Low,49,Highway,Storm,10.1,1,4.3,No,No,20.0
SITE_0055,54.7,40.9,72.3,25.0,Low,71,Residential,Extreme Heat,9.5,1,1.0,Yes,No,31.0
SITE_0056,50.9,65.7,76.7,2.8,Medium,170,Industrial,Clear,7.3,0,17.5,No,No,43.7
SITE_0057,58.9,60.4,55.1,4.0,Low,144,Highway,Clear,6.5,2,1.0,No,No,35.6
SITE_0058,97.9,100.0,28.8,9.2,Medium,126,Industrial,Extreme Heat,5.8,1,90.0,No,No,52.1
SITE_0059,46.0,47.1,52.9,2.5,High,12,Bridge,Clear,16.8,3,45.5,Yes,No,89.0
SITE_0060,86.3,90.7,43.1,15.4,Medium,115,Industrial,Clear,7.2,0,3.0,Yes,No,55.2
SITE_0061,28.0,26.4,36.1,3.8,High,114,Commercial,Rain,10.2,3,5.5,No,No,94.4
SITE_0062,57.6,72.2,99.4,2.7,Low,67,Commercial,Clear,11.3,2,6.0,Yes,No,18.4
SITE_0063,68.6,64.0,70.5,3.2,Low,151,Commercial,Rain,11.2,2,2.2,No,No,30.3
SITE_0064,77.9,89.2,72.6,0.5,Medium,187,Industrial,Clear,8.8,1,32.7,Yes,No,53.3
SITE_0065,80.6,74.2,58.8,2.2,High,55,Residential,Clear,16.4,1,30.2,Yes,No,62.0
SITE_0066,82.5,81.9,61.5,24.3,High,69,Bridge,Extreme Heat,9.8,0,6.2,No,No,63.5
SITE_0067,57.3,46.6,84.3,3.2,Low,68,Highway,Clear,5.8,0,29.9,No,No,24.1
SITE_0068,54.8,59.4,64.4,2.8,High,168,Commercial,Clear,6.7,0,21.9,No,No,75.0
SITE_0069,83.9,98.3,75.6,5.4,Low,20,Industrial,Rain,3.4,0,7.9,Yes,No,32.5
SITE_0070,60.8,60.0,61.1,5.1,Low,180,Commercial,Extreme Heat,9.2,1,12.3,No,No,34.4
SITE_0071,36.9,35.0,58.2,0.7,Low,156,Residential,Rain,10.6,0,65.2,No,No,42.6
SITE_0072,40.1,28.9,36.9,6.4,High,99,Bridge,Extreme Heat,11.1,0,64.0,Yes,No,92.3
SITE_0073,44.8,42.5,25.4,0.7,Low,119,Commercial,Clear,10.1,1,37.5,Yes,No,51.8
SITE_0074,75.9,60.0,59.8,1.4,High,180,Residential,Clear,7.3,3,6.2,Yes,No,63.7
SITE_0075,68.1,59.0,66.1,0.4,Medium,155,Residential,Fog,8.0,2,18.2,No,No,52.4
SITE_0076,80.2,82.5,39.3,9.2,Medium,59,Residential,Extreme Heat,8.0,2,51.8,Yes,No,57.8
SITE_0077,55.6,68.8,64.3,7.6,Medium,14,Highway,Rain,12.7,1,6.1,No,No,59.3
SITE_0078,68.5,96.6,66.1,2.6,High,134,Industrial,Clear,2.6,0,22.8,Yes,No,69.2
SITE_0079,78.8,72.9,21.9,6.5,Low,33,Commercial,Clear,6.3,1,3.5,No,No,31.9
SITE_0080,58.2,72.5,46.7,13.4,Low,22,Residential,Clear,4.6,0,17.0,No,Yes,40.4
SITE_0081,75.0,77.5,73.1,1.1,Medium,197,Commercial,Extreme Heat,19.6,0,29.8,Yes,Yes,41.9
SITE_0082,50.4,48.9,72.7,2.9,Low,97,Industrial,Extreme Heat,13.9,2,90.0,Yes,No,41.1
SITE_0083,57.0,61.3,41.9,0.7,Low,132,Highway,Clear,6.4,2,14.1,Yes,No,55.3
SITE_0084,56.6,57.2,68.2,0.1,Low,47,Residential,Clear,3.7,1,66.6,Yes,Yes,53.7
SITE_0085,38.7,39.8,85.4,1.0,Low,24,Residential,Clear,4.3,2,39.6,Yes,No,46.1
SITE_0086,75.7,71.6,80.5,6.0,Low,17,Industrial,Clear,12.6,2,24.6,No,No,22.9
SITE_0087,54.7,40.7,63.1,4.8,Low,74,Industrial,Storm,3.3,3,11.5,Yes,No,37.5
SITE_0088,65.3,49.8,55.6,3.2,High,5,Residential,Rain,8.0,0,39.7,Yes,No,73.3
SITE_0089,75.6,82.1,52.4,5.3,Low,87,Industrial,Clear,11.6,3,51.4,Yes,No,30.7
SITE_0090,74.8,72.1,74.4,11.3,High,68,Residential,Rain,4.1,0,9.9,Yes,No,71.0
SITE_0091,79.6,73.7,68.9,5.0,High,108,Residential,Fog,8.0,0,17.1,No,No,47.8
SITE_0092,62.8,62.9,77.6,8.3,Low,120,Highway,Clear,6.5,1,20.6,Yes,No,35.3
SITE_0093,55.7,63.6,67.6,3.8,Medium,65,Commercial,Clear,6.1,2,62.0,Yes,Yes,58.3
SITE_0094,63.2,65.0,81.4,0.3,Medium,94,Commercial,Clear,5.5,1,13.9,Yes,No,48.4
SITE_0095,27.9,21.3,66.9,3.2,Medium,20,Industrial,Clear,12.1,0,21.8,No,No,71.6
SITE_0096,33.2,45.4,80.7,11.7,Low,64,Industrial,Rain,15.3,1,83.9,No,Yes,53.4
SITE_0097,35.9,51.7,82.4,5.5,Low,196,Residential,Rain,7.0,0,46.2,Yes,No,41.4
SITE_0098,43.1,48.0,48.9,25.0,Low,199,Bridge,Clear,9.5,0,3.4,No,Yes,56.3
SITE_0099,73.8,83.5,28.8,6.0,Medium,100,Highway,Clear,8.1,0,21.4,No,No,53.6
SITE_0100,45.1,57.5,95.9,9.8,High,189,Bridge,Extreme Heat,2.8,2,58.9,No,No,73.9
SITE_0101,56.7,68.0,70.1,10.8,Medium,103,Industrial,Clear,6.9,1,13.6,Yes,No,63.4
SITE_0102,93.6,99.7,30.7,4.6,Medium,29,Highway,Rain,2.5,1,23.2,No,No,52.0
SITE_0103,57.2,63.1,50.7,3.9,High,175,Residential,Rain,6.2,1,59.9,No,No,72.2
SITE_0104,81.2,86.4,80.4,6.0,Medium,86,Residential,Extreme Heat,7.9,1,17.4,Yes,No,38.9
SITE_0105,44.5,33.5,59.4,10.6,Low,125,Industrial,Storm,11.2,1,33.2,Yes,Yes,58.3
SITE_0106,60.5,67.5,54.8,8.3,High,132,Industrial,Extreme Heat,9.1,1,2.5,Yes,No,68.6
SITE_0107,44.1,30.5,93.0,7.9,Low,65,Residential,Rain,12.3,2,21.0,Yes,No,30.2
SITE_0108,57.5,49.6,44.1,1.1,Low,148,Residential,Clear,5.1,0,5.0,Yes,No,45.7
SITE_0109,83.5,96.5,49.0,3.1,Medium,103,Highway,Clear,14.4,1,24.8,No,Yes,46.0
SITE_0110,27.0,35.4,69.2,7.3,High,76,Residential,Clear,15.4,1,7.3,No,No,70.3
SITE_0111,74.6,89.4,72.8,3.9,Low,63,Residential,Clear,2.4,1,4.6,Yes,Yes,37.2
SITE_0112,70.2,67.5,74.9,15.2,Medium,151,Industrial,Clear,3.2,0,15.7,Yes,No,46.4
SITE_0113,51.9,40.4,83.2,0.4,Low,53,Industrial,Clear,7.8,1,31.6,No,No,32.9
SITE_0114,33.2,30.8,69.0,2.2,Low,29,Industrial,Clear,6.0,0,48.3,Yes,No,47.3
SITE_0115,66.6,67.6,74.8,0.3,Low,177,Highway,Clear,6.4,3,5.2,Yes,No,29.7
SITE_0116,53.4,54.1,59.8,2.1,Medium,70,Commercial,Clear,9.1,2,5.6,No,No,51.1
SITE_0117,70.1,81.5,66.3,0.1,High,130,Industrial,Storm,12.5,0,90.0,Yes,No,71.7
SITE_0118,65.5,61.9,67.2,24.6,Low,145,Residential,Rain,4.9,3,17.2,Yes,No,37.5
SITE_0119,100.0,100.0,69.3,6.0,Low,169,Residential,Extreme Heat,13.5,3,10.1,No,No,16.4
SITE_0120,59.7,49.8,80.5,5.2,Low,127,Industrial,Rain,5.5,0,5.0,No,No,27.5
SITE_0121,42.5,47.0,76.1,5.4,Low,143,Highway,Extreme Heat,20.9,2,27.4,Yes,No,50.8
SITE_0122,68.9,69.0,65.9,2.4,Medium,169,Industrial,Extreme Heat,14.5,3,9.5,No,No,38.1
SITE_0123,69.8,62.3,48.8,1.2,Medium,189,Residential,Clear,5.8,1,17.1,No,Yes,48.3
SITE_0124,94.9,92.5,66.4,6.5,Medium,14,Industrial,Fog,3.8,2,1.0,Yes,No,52.1
SITE_0125,83.4,81.5,64.4,0.9,Low,150,Bridge,Clear,5.7,1,3.6,No,No,26.3
SITE_0126,72.9,70.1,68.9,0.3,Medium,39,Highway,Rain,5.3,1,2.8,Yes,Yes,55.6
SITE_0127,97.2,100.0,100.0,2.6,Low,179,Industrial,Extreme Heat,10.5,0,12.0,Yes,No,9.6
SITE_0128,38.8,37.9,54.5,5.6,Low,14,Commercial,Clear,2.5,1,19.2,Yes,Yes,57.7
SITE_0129,50.9,48.5,73.4,0.6,High,53,Highway,Rain,3.2,2,8.7,Yes,No,77.2
SITE_0130,44.6,23.6,86.4,11.1,High,42,Bridge,Clear,10.4,0,5.0,Yes,No,69.3
SITE_0131,56.4,47.5,67.0,5.0,High,123,Highway,Clear,5.2,2,13.8,No,No,76.9
SITE_0132,34.7,32.1,100.0,16.1,High,5,Industrial,Clear,6.2,2,54.7,Yes,Yes,86.8
SITE_0133,79.0,72.1,57.4,0.3,Medium,8,Highway,Clear,11.6,2,14.5,No,No,54.2
SITE_0134,60.1,73.9,71.5,0.1,High,103,Residential,Clear,12.8,1,5.5,Yes,No,73.7
SITE_0135,32.6,31.0,49.0,1.8,Medium,195,Residential,Rain,14.1,0,7.0,No,Yes,72.5
SITE_0136,42.7,55.5,58.0,0.2,Low,108,Industrial,Rain,11.1,0,10.4,Yes,No,37.7
SITE_0137,71.9,72.5,70.0,9.7,Low,92,Industrial,Clear,7.2,3,1.1,Yes,No,41.5
SITE_0138,83.4,83.8,81.9,7.9,Low,133,Industrial,Rain,6.9,2,9.3,No,No,13.9
SITE_0139,100.0,99.1,71.4,3.2,Low,113,Residential,Clear,6.5,0,12.4,No,No,12.4
SITE_0140,100.0,100.0,90.2,1.2,Low,80,Commercial,Clear,4.1,1,61.2,Yes,Yes,13.9
SITE_0141,74.1,91.3,63.1,4.8,Medium,120,Highway,Storm,4.8,2,50.0,Yes,Yes,55.0
SITE_0142,43.2,20.0,58.4,4.9,High,5,Highway,Extreme Heat,13.2,3,17.2,No,No,84.9
SITE_0143,18.1,5.0,100.0,9.6,Medium,52,Residential,Clear,5.5,2,11.4,No,No,66.0
SITE_0144,70.9,65.5,72.9,1.3,Low,137,Bridge,Clear,4.1,1,6.1,Yes,No,34.0
SITE_0145,47.1,47.3,50.6,8.2,Medium,71,Residential,Extreme Heat,13.8,1,11.1,No,No,56.6
SITE_0146,55.9,62.8,51.1,7.0,Low,15,Commercial,Extreme Heat,3.5,0,1.9,Yes,No,40.6
SITE_0147,51.5,56.3,46.1,3.4,Low,29,Residential,Clear,8.8,1,5.3,Yes,No,39.1
SITE_0148,61.9,58.1,83.7,0.3,Low,174,Residential,Clear,2.1,0,17.2,No,No,25.5
SITE_0149,88.5,98.6,57.7,0.7,Low,69,Residential,Clear,17.0,1,77.7,No,No,18.4
SITE_0150,68.5,78.8,67.5,0.7,Low,9,Industrial,Rain,16.1,0,41.8,Yes,No,39.5
SITE_0151,61.5,63.4,63.7,4.7,High,147,Highway,Extreme Heat,4.3,2,40.6,Yes,No,73.5
SITE_0152,42.2,51.8,79.6,11.6,High,108,Industrial,Rain,7.5,2,23.0,Yes,No,66.6
SITE_0153,28.2,30.9,48.1,6.5,Medium,93,Commercial,Clear,4.6,0,81.2,No,No,83.9
SITE_0154,54.3,48.7,43.5,1.6,Low,180,Commercial,Rain,4.6,2,9.1,Yes,No,48.3
SITE_0155,63.8,70.8,69.5,5.7,High,66,Commercial,Extreme Heat,6.4,0,2.7,Yes,No,65.3
SITE_0156,100.0,100.0,77.0,6.9,Medium,117,Bridge,Clear,10.7,0,4.1,Yes,No,31.0
SITE_0157,67.9,67.9,71.7,24.3,Low,151,Commercial,Extreme Heat,10.7,0,1.0,No,No,21.3
SITE_0158,86.6,100.0,48.8,0.3,Medium,124,Highway,Clear,10.1,4,13.3,Yes,Yes,63.0
SITE_0159,54.0,29.5,78.5,5.0,Medium,45,Industrial,Clear,7.1,1,34.4,No,No,56.8
SITE_0160,38.9,24.8,50.1,13.3,Medium,138,Industrial,Rain,11.0,1,10.7,Yes,No,63.9
SITE_0161,43.8,31.9,54.6,0.3,Low,150,Residential,Clear,4.1,1,33.7,Yes,No,50.3
SITE_0162,49.0,45.4,46.1,1.8,Medium,28,Commercial,Fog,8.9,0,16.6,Yes,No,71.8
SITE_0163,100.0,97.5,91.0,5.8,Low,37,Residential,Rain,8.0,1,5.5,Yes,No,8.9
SITE_0164,46.9,31.9,77.7,3.0,Low,137,Residential,Clear,6.9,1,12.3,Yes,No,33.7
SITE_0165,83.4,73.6,77.1,4.2,Low,28,Highway,Clear,9.0,1,1.0,Yes,No,16.3
SITE_0166,45.1,36.5,89.9,4.1,High,177,Commercial,Rain,2.4,2,4.4,Yes,No,67.4
SITE_0167,85.5,100.0,100.0,6.8,Low,26,Highway,Clear,4.7,0,41.0,Yes,No,23.6
SITE_0168,73.5,91.5,30.8,2.6,Low,195,Residential,Storm,10.3,1,33.2,Yes,No,37.3
SITE_0169,61.6,57.4,50.2,7.3,Low,136,Industrial,Clear,7.9,2,48.7,Yes,Yes,38.9
SITE_0170,64.1,60.5,52.7,9.1,High,91,Industrial,Clear,3.4,1,23.7,Yes,No,79.3
SITE_0171,50.6,39.1,48.0,5.4,Medium,57,Commercial,Rain,7.8,1,4.5,Yes,No,66.2
SITE_0172,74.8,55.7,43.4,2.2,High,72,Industrial,Clear,6.0,0,81.5,No,No,70.9
SITE_0173,55.0,53.8,59.0,12.9,Low,151,Residential,Rain,13.4,1,2.7,No,No,29.6
SITE_0174,38.0,28.1,40.7,0.2,Low,152,Highway,Rain,4.2,2,10.3,No,No,48.0
SITE_0175,36.9,36.0,71.7,4.1,Medium,45,Industrial,Clear,4.3,1,1.4,Yes,No,73.1
SITE_0176,68.8,52.8,66.0,8.3,Low,111,Industrial,Storm,9.6,0,13.2,No,No,32.4
SITE_0177,99.7,92.1,74.6,2.9,High,199,Industrial,Storm,7.3,2,2.3,No,No,51.2
SITE_0178,68.5,70.0,75.2,2.4,High,55,Commercial,Extreme Heat,7.1,0,5.8,Yes,No,63.3
SITE_0179,62.4,66.1,77.1,0.8,Medium,140,Industrial,Clear,20.9,1,31.4,Yes,No,50.2
SITE_0180,71.3,75.5,57.5,3.5,High,38,Highway,Clear,10.9,3,7.0,No,No,62.5
SITE_0181,93.7,80.5,100.0,16.1,Medium,168,Residential,Storm,6.7,1,1.0,No,No,27.2
SITE_0182,69.8,78.4,69.7,0.2,Low,38,Residential,Rain,3.1,4,24.1,No,No,35.1
SITE_0183,56.0,48.0,27.8,0.4,Medium,63,Highway,Rain,6.5,1,10.5,No,No,75.4
SITE_0184,89.3,95.7,45.0,13.8,Low,94,Bridge,Rain,4.0,2,5.3,No,No,22.8
SITE_0185,74.4,74.3,30.2,25.0,High,77,Commercial,Storm,4.8,1,14.8,No,No,73.3
SITE_0186,98.8,85.0,65.3,5.7,Low,38,Industrial,Clear,4.9,1,10.9,Yes,Yes,29.5
SITE_0187,69.0,65.9,62.6,25.0,Low,130,Highway,Rain,12.9,2,34.0,Yes,No,46.3
SITE_0188,38.1,41.7,55.6,4.7,Medium,8,Commercial,Clear,3.5,0,20.2,No,No,76.0
SITE_0189,34.9,41.0,100.0,4.9,Low,197,Commercial,Clear,12.3,1,10.0,Yes,No,29.9
SITE_0190,100.0,98.6,76.0,7.8,Low,15,Bridge,Rain,9.8,1,2.5,Yes,No,22.0
SITE_0191,100.0,100.0,79.5,22.6,Medium,70,Highway,Clear,9.8,0,5.2,Yes,No,34.3
SITE_0192,61.1,71.1,46.4,2.0,Low,187,Bridge,Clear,4.7,1,15.4,Yes,Yes,52.7
SITE_0193,56.6,54.0,45.0,4.6,Medium,35,Commercial,Extreme Heat,11.5,4,30.1,Yes,No,68.8
SITE_0194,97.2,100.0,65.7,16.2,Low,19,Highway,Storm,4.4,2,25.3,No,No,13.4
SITE_0195,40.6,60.0,68.5,15.2,Low,150,Highway,Rain,15.5,1,12.3,Yes,Yes,49.7
SITE_0196,45.3,64.9,27.9,13.5,Low,19,Industrial,Fog,13.0,0,34.3,No,Yes,60.8
SITE_0197,79.2,66.9,61.4,7.2,High,181,Residential,Clear,16.8,2,6.9,Yes,Yes,64.2
SITE_0198,56.3,47.1,65.3,7.2,High,93,Highway,Extreme Heat,8.0,1,1.7,No,Yes,74.0
SITE_0199,64.9,79.7,60.7,4.7,Low,175,Commercial,Clear,7.3,2,32.5,No,No,22.8
SITE_0200,61.4,50.8,48.7,0.5,High,53,Residential,Clear,6.4,2,29.0,No,No,77.0
SITE_0201,72.4,59.2,54.2,2.6,Medium,32,Highway,Clear,20.7,0,4.4,Yes,No,50.8
SITE_0202,96.0,91.1,61.5,8.3,Medium,193,Highway,Clear,10.6,0,5.4,Yes,No,34.6
SITE_0203,67.0,71.2,66.8,2.8,Medium,154,Commercial,Rain,4.0,4,55.1,No,No,51.1
SITE_0204,79.2,78.1,77.1,2.0,Medium,183,Highway,Clear,14.6,0,29.2,No,No,39.5
SITE_0205,19.9,13.4,86.6,0.1,High,67,Commercial,Rain,7.1,2,6.9,Yes,No,80.2
SITE_0206,63.9,57.2,59.1,9.9,Medium,84,Residential,Clear,1.6,0,5.2,No,No,54.3
SITE_0207,46.4,39.3,55.9,4.7,Medium,118,Commercial,Clear,5.3,3,57.4,No,No,56.4
SITE_0208,38.2,29.4,73.8,2.9,Low,92,Commercial,Fog,13.0,1,26.5,Yes,No,49.8
SITE_0209,45.7,68.5,77.2,6.6,Low,52,Highway,Rain,9.8,0,2.3,No,No,34.1
SITE_0210,57.6,60.6,56.3,1.1,Medium,78,Industrial,Fog,10.8,5,2.0,Yes,No,55.4
SITE_0211,85.1,94.0,80.8,12.6,Low,124,Highway,Clear,14.5,2,12.3,Yes,No,5.3
SITE_0212,35.8,30.9,84.6,5.0,Low,12,Residential,Clear,2.8,1,27.1,No,No,46.2
SITE_0213,65.7,63.8,90.8,12.1,Low,70,Commercial,Rain,5.3,0,17.1,Yes,No,29.5
SITE_0214,54.3,47.2,100.0,0.1,Low,62,Residential,Rain,8.1,1,10.2,No,No,25.2
SITE_0215,57.8,31.3,47.7,1.1,Medium,18,Highway,Clear,13.2,0,35.9,No,No,65.2
SITE_0216,87.1,73.3,65.3,0.7,Medium,29,Residential,Extreme Heat,4.4,2,17.7,No,No,46.4
SITE_0217,76.8,58.7,65.2,1.6,Medium,102,Commercial,Rain,6.6,1,28.1,Yes,No,50.2
SITE_0218,94.4,71.9,63.0,7.4,Low,25,Highway,Storm,7.9,0,1.0,Yes,Yes,25.1
SITE_0219,61.6,49.6,52.0,0.7,Medium,72,Highway,Clear,5.2,0,27.5,Yes,No,59.2
SITE_0220,49.7,62.9,35.3,18.5,Low,114,Residential,Rain,7.8,0,37.1,No,No,50.0
SITE_0221,60.1,59.6,66.9,5.8,Medium,176,Commercial,Clear,7.3,0,51.2,Yes,No,63.7
SITE_0222,70.3,83.2,49.6,9.3,Medium,24,Highway,Fog,5.9,0,10.9,No,No,52.9
SITE_0223,68.9,73.0,66.7,18.8,Medium,90,Commercial,Clear,11.5,1,33.4,Yes,Yes,63.8
SITE_0224,41.1,49.0,49.1,2.6,Medium,25,Residential,Clear,10.5,1,3.4,Yes,Yes,72.4
SITE_0225,67.0,58.0,43.0,7.3,High,89,Industrial,Clear,11.7,2,31.3,No,No,76.0
SITE_0226,70.0,75.3,69.7,0.5,High,99,Commercial,Rain,12.2,2,2.1,No,Yes,75.6
SITE_0227,100.0,100.0,68.0,0.3,Medium,161,Commercial,Fog,16.3,0,45.3,Yes,No,41.6
SITE_0228,100.0,94.2,76.6,4.0,Medium,91,Residential,Extreme Heat,3.3,2,32.5,No,No,42.3
SITE_0229,46.2,51.8,100.0,6.3,Low,188,Commercial,Storm,3.5,0,2.8,Yes,No,27.4
SITE_0230,58.7,64.3,70.5,7.4,High,31,Commercial,Fog,11.0,0,6.1,No,No,76.1
SITE_0231,32.8,27.3,74.7,11.9,Low,15,Residential,Storm,6.2,1,1.2,Yes,Yes,50.7
SITE_0232,52.0,40.8,43.4,10.1,Low,5,Bridge,Clear,5.8,0,24.7,Yes,No,49.4
SITE_0233,71.9,60.1,39.3,5.3,High,74,Commercial,Rain,5.3,2,46.2,Yes,No,64.4
SITE_0234,91.5,92.4,96.7,3.9,Medium,42,Industrial,Clear,11.9,0,21.6,Yes,No,32.8
SITE_0235,49.0,52.2,46.5,2.9,Low,22,Industrial,Clear,20.1,1,6.7,No,No,34.2
SITE_0236,50.6,42.7,44.1,0.0,Low,51,Residential,Clear,12.2,2,12.5,Yes,No,46.9
SITE_0237,17.8,18.0,64.2,6.9,Low,196,Residential,Clear,6.1,1,59.3,Yes,Yes,56.3
SITE_0238,61.4,67.1,63.2,11.6,Medium,161,Highway,Fog,11.6,1,41.0,Yes,Yes,71.6
SITE_0239,41.6,47.8,46.9,8.9,Low,8,Industrial,Fog,3.5,1,32.0,Yes,No,57.6
SITE_0240,53.4,68.9,58.9,2.5,High,184,Industrial,Clear,1.4,1,32.0,No,No,88.6
SITE_0241,45.7,58.5,89.6,3.8,High,45,Residential,Storm,7.0,1,90.0,Yes,No,67.3
SITE_0242,62.9,52.9,48.9,2.8,Medium,84,Residential,Clear,2.8,1,7.0,No,No,65.8
SITE_0243,26.3,43.2,37.1,3.6,Medium,69,Residential,Clear,6.2,4,33.8,No,No,68.4
SITE_0244,32.7,27.4,83.9,4.8,Low,84,Industrial,Clear,8.6,1,3.1,Yes,Yes,49.7
SITE_0245,100.0,100.0,74.8,0.6,Low,154,Bridge,Clear,21.9,1,9.5,No,No,4.2
SITE_0246,36.7,37.4,52.6,1.7,Medium,144,Commercial,Clear,13.7,0,11.9,Yes,No,64.1
SITE_0247,40.9,36.7,33.4,0.7,Low,121,Bridge,Clear,2.9,1,3.9,Yes,No,54.8
SITE_0248,100.0,81.9,50.1,0.1,Low,127,Residential,Clear,3.0,1,16.8,Yes,No,17.8
SITE_0249,100.0,98.3,63.9,2.2,Low,147,Bridge,Clear,5.2,3,23.3,Yes,No,14.5
SITE_0250,39.2,23.6,88.3,3.3,Low,41,Residential,Extreme Heat,17.8,0,26.8,Yes,Yes,37.4
SITE_0251,56.9,66.6,44.3,3.0,Medium,82,Bridge,Clear,2.9,0,35.0,Yes,No,67.4
SITE_0252,72.5,87.7,63.3,0.2,Medium,26,Highway,Clear,5.4,0,14.8,No,Yes,57.3
SITE_0253,100.0,92.0,78.5,10.3,High,143,Highway,Rain,5.4,1,16.6,Yes,No,53.1
SITE_0254,43.3,46.3,17.4,1.0,Medium,90,Commercial,Clear,9.6,0,5.1,No,Yes,82.2
SITE_0255,59.6,52.3,85.7,5.5,High,129,Industrial,Rain,11.8,0,54.3,Yes,No,59.3
SITE_0256,82.1,75.8,41.4,5.8,Medium,115,Highway,Clear,10.5,1,8.9,No,No,47.5
SITE_0257,74.6,82.3,71.6,0.7,High,58,Residential,Rain,8.9,1,1.6,Yes,No,62.9
SITE_0258,56.7,56.3,69.9,0.2,Medium,32,Residential,Rain,3.4,0,11.9,Yes,No,57.4
SITE_0259,62.1,79.5,86.7,0.2,Low,195,Bridge,Rain,8.2,1,17.7,Yes,No,23.9
SITE_0260,34.8,29.9,76.0,2.0,High,62,Residential,Rain,14.7,3,58.1,No,No,82.1
SITE_0261,59.8,69.8,17.5,5.2,Low,26,Residential,Clear,17.2,2,4.7,No,No,39.6
SITE_0262,59.1,60.1,49.3,0.9,Low,64,Residential,Clear,9.5,2,19.5,Yes,No,35.5
SITE_0263,70.1,78.1,67.8,0.4,Low,181,Residential,Clear,2.9,0,12.1,No,No,28.7
SITE_0264,52.8,48.3,61.1,5.4,Low,56,Commercial,Rain,9.6,0,2.3,No,No,35.5
SITE_0265,75.4,74.9,74.6,0.9,Low,198,Bridge,Clear,7.3,1,13.7,No,No,21.5
SITE_0266,87.3,86.1,80.8,10.0,Medium,95,Residential,Clear,3.2,1,1.2,Yes,No,35.9
SITE_0267,68.4,60.1,77.2,4.0,High,173,Highway,Rain,4.3,2,27.0,No,No,58.7
SITE_0268,72.7,79.4,60.7,5.3,Low,133,Residential,Clear,4.7,1,2.0,No,No,25.0
SITE_0269,66.2,72.7,28.1,12.5,Medium,13,Commercial,Clear,11.0,0,13.3,Yes,No,68.0
SITE_0270,65.0,70.9,55.9,1.1,Low,104,Residential,Rain,16.8,3,11.1,Yes,No,33.8
SITE_0271,49.1,64.5,73.3,4.9,High,86,Highway,Clear,10.2,3,63.8,Yes,No,81.6
SITE_0272,72.0,86.5,43.2,2.5,Low,44,Industrial,Extreme Heat,11.2,0,13.1,No,No,35.1
SITE_0273,62.9,59.1,77.6,0.8,Low,112,Commercial,Fog,7.5,0,6.5,Yes,No,25.6
SITE_0274,100.0,100.0,83.2,5.4,Medium,25,Residential,Fog,5.8,1,22.8,Yes,No,22.8
SITE_0275,99.6,93.4,67.5,0.2,Medium,141,Residential,Clear,10.3,1,2.4,Yes,No,28.5
SITE_0276,73.5,73.7,5.0,11.2,High,166,Residential,Clear,9.0,0,10.5,No,No,74.6
SITE_0277,48.2,42.2,39.4,6.9,Medium,23,Industrial,Rain,5.0,1,6.9,No,No,65.4
SITE_0278,40.5,56.7,100.0,23.7,High,98,Residential,Rain,8.7,1,90.0,Yes,Yes,82.9
SITE_0279,91.2,94.8,54.1,3.7,Low,133,Industrial,Rain,7.8,1,4.3,Yes,No,30.4
SITE_0280,70.8,68.6,25.3,15.1,Low,17,Bridge,Clear,6.6,0,61.1,No,No,57.8
SITE_0281,75.6,87.5,89.7,1.2,Low,81,Commercial,Clear,5.6,0,3.2,Yes,No,14.0
SITE_0282,26.6,5.0,65.3,4.5,Low,55,Industrial,Clear,9.5,0,9.9,Yes,No,62.5
SITE_0283,85.4,65.3,87.1,4.5,Low,12,Residential,Clear,5.8,1,4.0,No,No,23.7
SITE_0284,75.0,83.0,70.5,7.0,Medium,162,Highway,Clear,20.1,1,25.5,Yes,No,42.8
SITE_0285,40.6,41.2,74.2,17.5,Low,92,Residential,Extreme Heat,10.0,1,34.6,Yes,No,46.6
SITE_0286,54.6,57.1,72.3,9.5,Medium,152,Industrial,Clear,9.6,4,5.4,Yes,No,66.0
SITE_0287,70.8,57.5,78.9,0.5,Medium,120,Commercial,Rain,7.1,1,21.3,No,No,43.6
SITE_0288,66.2,65.9,100.0,5.0,Medium,176,Residential,Fog,6.3,2,24.0,No,No,39.7
SITE_0289,58.6,78.6,84.4,2.3,Medium,200,Industrial,Clear,2.5,3,11.4,Yes,No,49.9
SITE_0290,62.7,71.0,33.4,0.8,Low,123,Residential,Rain,5.2,0,19.4,No,Yes,30.8
SITE_0291,59.5,61.2,73.9,3.9,Low,74,Residential,Rain,2.8,0,12.8,No,No,31.0
SITE_0292,68.4,64.0,87.8,3.1,Medium,87,Highway,Clear,2.8,1,45.4,No,No,42.6
SITE_0293,97.4,93.4,89.1,0.2,Medium,166,Commercial,Clear,3.9,0,6.6,Yes,No,23.9
SITE_0294,8.5,5.0,56.5,4.8,Low,88,Industrial,Extreme Heat,14.0,1,3.3,Yes,No,65.0
SITE_0295,59.8,62.4,88.3,0.6,Low,106,Bridge,Storm,13.9,3,23.9,No,No,19.4
SITE_0296,68.9,77.3,83.6,8.4,Medium,43,Bridge,Extreme Heat,5.2,0,14.3,Yes,No,53.1
SITE_0297,71.5,55.8,100.0,1.8,Medium,199,Residential,Fog,3.3,0,26.8,Yes,No,44.3
SITE_0298,56.8,50.2,50.0,5.4,Low,132,Residential,Clear,6.2,2,3.6,Yes,No,40.1
SITE_0299,26.4,14.8,54.9,1.1,Medium,69,Industrial,Storm,10.9,3,14.5,No,No,74.4
SITE_0300,72.2,62.6,58.9,13.8,High,119,Residential,Rain,12.6,1,1.0,Yes,No,59.5
SITE_0301,100.0,100.0,55.2,0.3,Low,83,Commercial,Rain,8.6,0,10.1,Yes,Yes,25.3
SITE_0302,31.3,10.4,47.2,13.2,High,35,Residential,Storm,9.4,3,10.6,No,No,91.1
SITE_0303,84.0,90.1,9.7,1.2,Low,176,Residential,Storm,9.0,1,12.6,Yes,No,40.5
SITE_0304,57.8,65.3,56.3,0.9,Medium,178,Bridge,Extreme Heat,3.0,1,23.6,Yes,No,65.7
SITE_0305,63.7,61.1,72.4,5.5,Medium,168,Highway,Clear,3.5,0,1.0,Yes,No,50.0
SITE_0306,41.8,17.0,55.1,4.7,Low,77,Highway,Rain,17.1,2,85.0,Yes,No,43.4
SITE_0307,57.6,47.7,100.0,19.0,High,55,Industrial,Clear,8.6,2,16.3,No,No,68.7
SITE_0308,93.6,100.0,65.3,4.0,Medium,14,Residential,Rain,2.1,2,53.0,Yes,No,46.7
SITE_0309,77.8,50.0,90.8,1.4,High,148,Commercial,Storm,9.7,2,7.9,No,No,49.6
SITE_0310,100.0,96.5,70.2,5.3,Low,69,Residential,Extreme Heat,4.6,0,4.3,Yes,No,17.2
SITE_0311,90.9,79.1,81.5,4.8,High,179,Highway,Clear,13.1,1,4.3,Yes,Yes,61.7
SITE_0312,74.7,82.7,70.6,4.8,High,175,Commercial,Rain,12.4,0,28.7,Yes,No,65.7
SITE_0313,100.0,93.2,92.4,20.4,Medium,30,Bridge,Clear,10.6,1,3.6,Yes,No,28.8
SITE_0314,74.7,78.7,66.1,1.8,Low,184,Residential,Clear,8.6,3,29.4,Yes,No,20.4
SITE_0315,83.2,88.9,74.9,3.3,Medium,32,Industrial,Clear,14.6,2,1.0,Yes,No,33.0
SITE_0316,58.5,76.8,72.3,10.4,Medium,101,Industrial,Extreme Heat,15.4,2,23.3,No,Yes,53.4
SITE_0317,66.5,64.4,59.2,6.4,High,97,Industrial,Clear,4.7,1,2.1,Yes,No,80.1
SITE_0318,49.7,53.4,73.1,1.4,Medium,192,Residential,Fog,10.6,0,22.8,No,No,48.9
SITE_0319,86.8,71.9,100.0,8.4,Low,133,Industrial,Clear,5.7,0,1.7,Yes,No,12.1
SITE_0320,39.1,51.0,59.6,1.1,Low,176,Residential,Storm,4.3,0,2.1,Yes,No,42.3
SITE_0321,82.2,74.6,73.4,6.5,Medium,121,Commercial,Rain,15.4,2,29.5,No,No,35.7
SITE_0322,60.8,55.2,90.2,11.6,High,166,Residential,Rain,11.4,2,35.2,Yes,Yes,68.1
SITE_0323,90.8,90.5,87.8,8.6,Low,172,Residential,Rain,8.9,0,16.6,Yes,No,6.3
SITE_0324,81.5,65.9,65.2,0.1,Medium,173,Bridge,Storm,4.9,3,12.9,Yes,No,56.8
SITE_0325,100.0,100.0,17.3,4.3,High,85,Residential,Extreme Heat,15.6,3,15.2,Yes,No,63.1
SITE_0326,81.1,90.8,75.3,1.0,Low,79,Commercial,Rain,23.7,3,22.3,No,No,28.7
SITE_0327,30.4,33.3,20.6,2.3,Low,198,Highway,Clear,4.6,1,7.7,Yes,Yes,62.3
SITE_0328,63.5,47.6,94.4,8.3,Medium,153,Industrial,Clear,4.0,1,7.0,No,No,55.5
SITE_0329,39.2,38.0,68.4,1.1,Medium,184,Highway,Storm,7.8,1,45.9,Yes,No,75.3
SITE_0330,53.6,61.0,85.0,15.9,Low,118,Bridge,Clear,10.9,2,24.8,Yes,No,33.9
SITE_0331,98.2,79.5,47.0,0.2,High,187,Residential,Rain,6.5,2,8.5,Yes,No,56.7
SITE_0332,79.0,68.3,33.9,1.1,Medium,146,Industrial,Rain,30.0,3,3.4,Yes,No,49.6
SITE_0333,49.6,58.4,70.2,0.3,High,150,Residential,Clear,8.5,1,24.3,No,Yes,68.3
SITE_0334,42.7,45.4,64.3,4.1,High,39,Residential,Storm,5.7,0,38.2,No,No,77.1
SITE_0335,65.7,69.8,55.2,1.7,High,116,Residential,Storm,6.0,2,25.1,Yes,No,71.9
SITE_0336,38.2,56.8,66.7,4.2,Medium,148,Highway,Storm,18.1,1,25.4,Yes,No,54.1
SITE_0337,50.2,54.9,100.0,12.5,Low,154,Commercial,Storm,7.4,0,16.1,No,No,39.8
SITE_0338,71.9,78.4,81.7,5.9,Medium,192,Highway,Extreme Heat,15.1,0,1.0,Yes,No,41.0
SITE_0339,90.4,100.0,86.0,0.3,Low,69,Commercial,Rain,2.8,0,1.2,Yes,No,13.8
SITE_0340,78.4,76.3,81.9,0.0,Medium,64,Commercial,Fog,13.2,3,2.5,Yes,No,36.1
SITE_0341,14.6,6.6,94.6,6.5,Low,195,Commercial,Clear,5.1,1,5.8,Yes,No,47.9
SITE_0342,71.7,76.0,61.2,0.6,Medium,198,Residential,Rain,11.6,2,29.1,Yes,Yes,51.9
SITE_0343,66.6,71.0,23.9,4.4,Low,40,Commercial,Storm,5.0,2,2.5,Yes,No,45.3
SITE_0344,74.1,68.8,61.2,14.4,Low,79,Bridge,Clear,6.3,2,1.5,No,No,31.7
SITE_0345,100.0,89.7,81.2,4.9,Low,190,Commercial,Clear,4.2,0,5.4,Yes,Yes,20.4
SITE_0346,19.6,42.7,45.6,7.8,Medium,44,Residential,Rain,11.7,3,4.3,No,Yes,80.6
SITE_0347,52.0,55.3,61.5,2.9,High,158,Highway,Clear,12.6,1,15.5,No,No,75.6
SITE_0348,78.0,70.7,51.2,3.0,Low,27,Commercial,Extreme Heat,5.2,0,1.0,Yes,No,30.8
SITE_0349,30.2,39.4,95.0,0.2,High,39,Residential,Clear,3.2,2,10.1,Yes,Yes,81.1
SITE_0350,97.5,96.4,80.0,1.0,High,158,Residential,Clear,15.0,1,45.8,Yes,No,44.8
SITE_0351,73.1,70.6,78.0,0.3,Low,124,Commercial,Rain,5.5,1,21.7,No,No,28.3
SITE_0352,83.6,89.2,77.4,2.3,Medium,113,Commercial,Clear,7.2,0,65.2,Yes,No,43.0
SITE_0353,52.4,39.5,64.3,6.7,Medium,172,Highway,Clear,4.7,0,26.1,No,No,59.4
SITE_0354,82.9,86.4,69.0,0.8,Low,65,Residential,Rain,11.1,3,6.6,No,No,17.8
SITE_0355,88.5,100.0,41.3,10.8,Medium,103,Highway,Rain,11.3,1,30.1,No,No,46.6
SITE_0356,70.1,74.8,21.3,4.4,Low,124,Residential,Clear,16.2,0,32.6,Yes,Yes,44.4
SITE_0357,70.2,66.4,68.0,5.4,High,150,Bridge,Rain,13.4,1,21.2,No,No,62.9
SITE_0358,70.9,65.9,71.5,10.2,High,70,Highway,Rain,12.9,2,30.0,No,No,59.8
SITE_0359,46.0,41.9,89.2,4.1,High,129,Commercial,Storm,7.6,0,56.9,No,No,73.1
SITE_0360,61.8,59.2,96.4,5.5,Medium,92,Residential,Clear,7.1,1,14.0,Yes,No,49.8
SITE_0361,61.6,57.9,96.4,4.6,Medium,111,Commercial,Clear,11.0,0,2.2,No,No,49.5
SITE_0362,73.4,82.6,45.0,0.4,High,174,Industrial,Fog,7.3,1,10.0,Yes,No,67.6
SITE_0363,87.0,69.7,58.0,1.2,Low,82,Industrial,Rain,13.6,1,2.4,No,Yes,29.8
SITE_0364,41.7,50.3,74.6,9.5,Low,135,Residential,Clear,4.5,0,82.9,Yes,No,34.4
SITE_0365,62.2,58.5,100.0,20.7,Medium,189,Highway,Extreme Heat,2.7,2,2.4,Yes,No,54.7
SITE_0366,97.6,100.0,94.6,1.1,Low,154,Commercial,Clear,10.4,0,5.4,No,No,0.0
SITE_0367,48.6,37.4,87.4,3.1,Low,198,Residential,Extreme Heat,5.9,1,19.5,Yes,No,30.2
SITE_0368,46.9,60.2,57.2,1.8,Low,119,Highway,Storm,4.1,1,28.9,No,Yes,49.5
SITE_0369,69.5,81.9,47.3,6.2,Medium,60,Commercial,Fog,21.2,1,30.8,No,No,45.4
SITE_0370,83.6,93.2,80.8,4.7,Low,199,Commercial,Fog,7.9,3,18.5,No,Yes,16.6
SITE_0371,65.3,50.1,43.0,0.2,Low,131,Industrial,Clear,3.6,2,3.7,No,Yes,42.0
SITE_0372,94.2,100.0,60.2,20.6,Low,52,Commercial,Storm,5.5,1,11.6,Yes,No,27.1
SITE_0373,83.8,87.9,62.7,15.5,Low,67,Highway,Clear,6.8,1,48.5,Yes,No,24.5
SITE_0374,83.5,67.5,96.9,7.6,High,56,Commercial,Rain,10.3,0,14.5,No,No,46.3
SITE_0375,77.2,76.9,57.9,4.7,Low,168,Residential,Rain,5.5,0,1.0,Yes,No,26.6
SITE_0376,100.0,100.0,16.2,2.0,Medium,23,Commercial,Clear,7.3,3,15.4,Yes,Yes,60.0
SITE_0377,60.5,66.0,75.1,3.0,High,150,Industrial,Clear,9.1,1,1.0,Yes,Yes,76.1
SITE_0378,20.9,22.7,51.0,2.4,Low,113,Commercial,Clear,10.0,1,17.4,Yes,Yes,50.8
SITE_0379,100.0,100.0,65.9,3.1,High,19,Residential,Clear,7.6,1,84.7,No,No,56.6
SITE_0380,54.9,69.7,63.3,0.4,Medium,125,Highway,Clear,18.0,2,14.2,Yes,Yes,55.8
SITE_0381,67.4,79.6,59.5,11.2,Medium,152,Industrial,Extreme Heat,11.2,1,18.7,Yes,No,56.2
SITE_0382,93.8,65.1,80.8,5.1,Low,147,Industrial,Rain,10.9,2,27.6,No,No,11.1
SITE_0383,29.8,26.6,34.3,3.4,Low,108,Bridge,Extreme Heat,10.7,1,6.5,No,No,59.7
SITE_0384,37.5,35.8,54.7,7.2,High,70,Commercial,Extreme Heat,13.7,0,2.1,Yes,No,95.5
SITE_0385,29.8,12.3,78.7,7.3,High,37,Bridge,Storm,8.8,3,20.6,No,Yes,88.6
SITE_0386,47.5,48.5,52.7,0.2,High,7,Industrial,Clear,4.4,0,8.2,Yes,No,79.1
SITE_0387,74.7,87.2,32.8,1.0,High,75,Industrial,Extreme Heat,9.7,1,17.7,No,No,69.1
SITE_0388,76.5,65.7,78.4,3.9,Low,128,Industrial,Storm,10.3,0,8.3,Yes,Yes,21.0
SITE_0389,71.1,74.4,87.5,10.1,High,12,Commercial,Storm,14.7,2,48.6,Yes,No,66.9
SITE_0390,33.9,24.8,64.1,10.6,Medium,200,Residential,Extreme Heat,4.2,2,16.5,Yes,Yes,77.4
SITE_0391,14.2,7.5,25.8,2.2,High,119,Bridge,Rain,4.8,1,18.8,No,No,99.7
SITE_0392,66.2,81.0,79.1,8.4,Low,62,Residential,Rain,8.1,0,2.6,Yes,No,20.5
SITE_0393,54.6,49.2,31.8,0.1,Low,193,Residential,Extreme Heat,10.8,2,11.4,Yes,Yes,51.1
SITE_0394,75.1,79.7,71.2,7.1,High,41,Commercial,Clear,3.8,2,22.4,No,No,65.4
SITE_0395,80.4,61.7,47.3,3.6,High,192,Highway,Extreme Heat,4.3,2,13.4,Yes,No,64.6
SITE_0396,68.0,86.7,41.8,1.9,Medium,60,Industrial,Clear,12.1,3,6.3,No,No,61.1
SITE_0397,81.7,87.7,56.2,4.7,Low,79,Highway,Clear,3.9,0,26.0,Yes,No,29.6
SITE_0398,70.0,68.2,61.3,5.4,Low,88,Industrial,Rain,4.8,0,58.7,Yes,No,31.8
SITE_0399,76.7,82.4,52.1,16.8,High,199,Highway,Clear,12.5,3,3.9,Yes,Yes,69.7
SITE_0400,49.5,35.4,76.8,20.6,Medium,54,Highway,Fog,10.7,0,27.2,Yes,Yes,74.8
SITE_0401,61.0,72.9,56.1,3.4,Medium,195,Residential,Clear,5.6,0,1.0,Yes,No,47.9
SITE_0402,69.3,66.1,84.6,10.4,Medium,73,Bridge,Storm,10.1,3,1.3,Yes,No,45.0
SITE_0403,83.1,81.0,70.6,3.0,Medium,60,Residential,Clear,9.2,2,29.9,No,No,45.3
SITE_0404,56.3,51.4,51.0,5.8,Medium,130,Residential,Fog,7.4,0,1.0,Yes,No,61.8
SITE_0405,76.5,70.7,47.7,1.5,Medium,140,Residential,Clear,6.4,4,1.0,Yes,No,49.5
SITE_0406,59.2,66.1,32.1,0.9,High,72,Industrial,Clear,9.9,0,8.0,No,No,82.3
SITE_0407,62.4,65.0,70.8,4.6,High,31,Highway,Clear,4.1,2,27.1,Yes,No,77.0
SITE_0408,83.2,89.8,57.9,2.3,High,82,Industrial,Rain,9.9,2,1.0,No,No,60.9
SITE_0409,21.2,21.1,17.6,2.1,Medium,110,Industrial,Fog,8.7,2,29.0,No,No,84.9
SITE_0410,36.5,41.6,54.3,0.4,Medium,12,Industrial,Fog,9.0,1,64.2,Yes,No,70.8
SITE_0411,32.4,28.2,47.0,0.8,Medium,20,Residential,Clear,4.7,0,10.3,No,No,72.2
SITE_0412,13.7,36.0,96.5,6.6,High,184,Industrial,Clear,14.9,1,24.2,No,No,71.6
SITE_0413,50.1,34.4,30.9,6.5,Medium,12,Industrial,Clear,5.6,4,59.4,Yes,No,86.1
SITE_0414,81.5,94.1,36.2,3.8,Medium,84,Industrial,Rain,6.0,0,1.5,No,Yes,64.6
SITE_0415,58.7,72.4,87.2,5.1,Medium,154,Residential,Rain,7.2,1,28.5,Yes,No,47.8
SITE_0416,69.4,60.8,92.1,0.3,Medium,69,Residential,Clear,10.7,2,3.0,No,No,40.4
SITE_0417,89.0,100.0,50.1,10.1,Medium,101,Industrial,Rain,8.9,1,19.5,Yes,No,54.6
SITE_0418,94.2,100.0,52.4,5.1,Low,21,Residential,Extreme Heat,3.1,1,13.5,Yes,Yes,38.6
SITE_0419,63.5,73.2,77.3,6.8,Medium,160,Commercial,Clear,7.9,1,3.4,No,No,54.2
SITE_0420,94.8,95.1,18.5,1.1,Medium,129,Commercial,Clear,8.2,2,3.5,Yes,No,42.1
SITE_0421,67.0,64.9,27.8,6.3,Low,171,Residential,Clear,15.1,0,40.1,No,No,36.6
SITE_0422,46.6,44.5,59.4,6.4,High,174,Residential,Clear,6.7,2,5.8,No,Yes,82.8
SITE_0423,51.9,55.8,96.0,2.4,Medium,73,Industrial,Clear,10.3,2,23.4,No,No,45.9
SITE_0424,32.4,46.4,56.3,20.7,Low,13,Industrial,Rain,26.1,1,2.1,No,Yes,60.7
SITE_0425,45.5,47.3,67.0,2.4,High,72,Industrial,Clear,13.8,0,33.7,No,No,82.6
SITE_0426,57.1,48.0,87.7,13.2,Medium,33,Residential,Storm,4.6,1,9.7,No,No,45.5
SITE_0427,82.7,90.9,100.0,10.1,High,109,Residential,Extreme Heat,11.5,2,25.1,No,No,45.0
SITE_0428,100.0,100.0,53.5,13.9,Low,33,Commercial,Extreme Heat,9.9,1,9.7,Yes,No,15.9
SITE_0429,34.6,41.1,64.7,3.5,High,185,Commercial,Rain,6.6,3,2.7,No,No,78.8
SITE_0430,73.6,81.1,100.0,1.3,Medium,123,Residential,Clear,11.5,0,47.9,Yes,No,35.4
SITE_0431,42.1,39.4,34.6,1.1,Medium,54,Highway,Clear,4.5,0,1.0,Yes,No,79.5
SITE_0432,75.4,66.2,85.6,8.1,Low,185,Industrial,Clear,5.6,2,45.2,Yes,No,23.2
SITE_0433,62.1,53.4,44.6,4.5,Medium,155,Commercial,Fog,7.3,1,16.7,Yes,Yes,50.9
SITE_0434,24.7,8.4,67.0,3.6,Medium,90,Commercial,Fog,6.4,3,13.0,Yes,No,65.5
SITE_0435,85.4,87.8,60.1,3.2,Medium,33,Commercial,Clear,10.9,1,43.0,Yes,Yes,42.5
SITE_0436,51.7,50.9,45.8,0.2,Medium,72,Residential,Clear,7.8,2,20.9,No,No,58.5
SITE_0437,53.3,48.9,45.3,2.5,High,119,Residential,Rain,6.1,2,84.3,No,No,82.1
SITE_0438,41.5,11.9,70.5,15.3,Medium,155,Commercial,Clear,13.7,1,44.3,No,No,56.7
SITE_0439,50.6,38.1,84.9,5.8,Low,56,Commercial,Fog,10.7,5,27.3,No,No,27.4
SITE_0440,74.4,85.6,62.4,1.4,High,150,Commercial,Clear,3.5,0,17.1,No,No,55.4
SITE_0441,60.8,54.2,66.4,10.5,Medium,60,Industrial,Clear,3.5,3,44.3,No,No,53.2
SITE_0442,72.2,75.8,76.4,6.6,High,53,Residential,Clear,6.1,0,9.2,Yes,No,57.4
SITE_0443,73.0,59.1,45.6,18.3,High,92,Residential,Clear,3.8,0,1.6,No,No,66.7
SITE_0444,94.1,100.0,79.8,1.9,High,36,Residential,Clear,12.6,1,2.1,Yes,No,49.8
SITE_0445,57.5,56.0,81.4,1.5,High,84,Residential,Extreme Heat,5.8,1,38.3,Yes,No,62.7
SITE_0446,32.5,35.4,100.0,13.2,Medium,75,Bridge,Clear,10.3,1,12.7,Yes,No,58.8
SITE_0447,88.5,100.0,57.5,3.1,Low,59,Industrial,Rain,19.9,3,20.0,No,Yes,20.4
SITE_0448,57.7,72.9,55.8,2.5,Medium,157,Industrial,Clear,11.4,2,3.9,No,Yes,64.1
SITE_0449,89.5,86.5,80.4,7.0,High,70,Bridge,Clear,2.5,1,9.5,Yes,No,55.6
SITE_0450,73.4,67.5,81.4,2.6,Medium,141,Commercial,Clear,5.9,0,63.1,No,No,49.1
SITE_0451,62.1,58.9,54.3,1.4,High,146,Residential,Clear,7.1,2,14.8,Yes,No,66.5
SITE_0452,72.7,77.8,56.9,7.6,Low,135,Commercial,Clear,9.1,0,7.6,Yes,Yes,33.7
SITE_0453,100.0,98.9,75.8,4.9,Low,57,Commercial,Clear,12.3,3,1.4,Yes,No,8.5
SITE_0454,100.0,96.0,48.4,0.9,Medium,167,Industrial,Extreme Heat,21.7,3,6.9,Yes,No,33.1
SITE_0455,66.5,81.2,56.8,7.3,Medium,51,Commercial,Storm,17.1,4,18.7,No,No,49.5
SITE_0456,68.5,67.4,66.8,1.0,Low,59,Residential,Fog,7.7,1,15.4,Yes,No,39.8
SITE_0457,88.7,100.0,84.9,0.3,Low,176,Residential,Clear,7.7,1,12.3,Yes,No,8.9
SITE_0458,46.4,47.3,52.9,5.9,High,71,Residential,Storm,16.2,0,40.9,Yes,No,77.9
SITE_0459,72.3,90.2,28.2,1.5,Medium,141,Industrial,Rain,7.9,2,12.7,No,No,51.2
SITE_0460,64.4,68.0,26.7,5.2,Low,13,Residential,Clear,5.8,0,3.9,No,No,32.7
SITE_0461,71.9,81.5,39.8,25.0,Low,125,Residential,Clear,12.7,1,7.2,No,No,28.9
SITE_0462,46.7,39.4,38.7,18.0,Medium,175,Residential,Rain,9.3,2,31.1,No,No,67.5
SITE_0463,30.0,21.5,61.9,1.6,Low,143,Industrial,Extreme Heat,3.4,1,1.4,No,No,49.0
SITE_0464,19.4,24.0,41.2,2.1,Medium,119,Commercial,Clear,6.7,3,47.7,Yes,Yes,86.9
SITE_0465,40.4,50.3,50.9,7.1,High,171,Bridge,Clear,3.8,1,12.5,Yes,No,78.4
SITE_0466,54.9,55.3,49.5,0.0,Low,63,Commercial,Fog,1.6,0,26.2,Yes,Yes,44.3
SITE_0467,58.5,45.7,56.2,5.2,Medium,78,Residential,Clear,18.3,0,90.0,Yes,Yes,65.7
SITE_0468,100.0,86.4,91.5,1.8,Low,18,Industrial,Fog,8.5,0,18.7,Yes,No,3.2
SITE_0469,89.3,75.1,78.2,5.9,Low,141,Residential,Extreme Heat,6.9,0,10.9,Yes,Yes,20.2
SITE_0470,43.8,26.2,65.3,6.8,High,146,Residential,Extreme Heat,6.1,1,1.0,Yes,Yes,85.3
SITE_0471,72.6,73.7,55.8,6.5,Medium,152,Bridge,Extreme Heat,8.0,3,11.6,Yes,Yes,55.9
SITE_0472,56.0,67.3,56.3,0.3,High,151,Residential,Clear,6.0,1,14.7,Yes,Yes,79.4
SITE_0473,58.7,58.6,71.6,0.8,Low,29,Residential,Rain,4.6,1,8.3,Yes,No,25.7
SITE_0474,69.1,46.5,76.7,12.3,Low,135,Industrial,Storm,6.2,4,20.1,No,No,37.7
SITE_0475,78.6,76.7,46.8,0.9,Medium,154,Commercial,Storm,15.4,4,1.5,No,No,49.1
SITE_0476,57.5,55.9,65.7,3.8,Medium,44,Residential,Clear,12.6,1,38.9,Yes,No,55.8
SITE_0477,88.4,100.0,24.4,10.9,High,98,Commercial,Clear,6.2,0,17.8,Yes,No,74.9
SITE_0478,39.9,25.3,69.2,0.1,Low,183,Highway,Clear,19.2,1,11.4,Yes,No,39.9
SITE_0479,65.1,61.2,80.2,1.3,High,86,Residential,Clear,7.7,1,9.9,Yes,No,59.2
SITE_0480,100.0,100.0,59.4,6.5,High,152,Residential,Rain,5.2,3,23.9,Yes,No,63.1
SITE_0481,69.9,74.4,100.0,0.8,Medium,108,Bridge,Extreme Heat,9.5,0,20.8,Yes,No,51.3
SITE_0482,96.5,100.0,47.4,4.8,Low,133,Bridge,Storm,16.6,1,1.7,No,No,15.5
SITE_0483,67.0,68.2,69.3,10.7,Medium,127,Industrial,Rain,15.1,3,24.5,No,Yes,53.4
SITE_0484,77.8,81.1,64.3,5.3,Low,132,Commercial,Clear,5.3,2,1.5,No,No,30.1
SITE_0485,63.8,71.5,63.0,11.8,High,157,Residential,Clear,4.1,1,10.2,No,No,66.9
SITE_0486,61.3,53.2,62.7,2.2,Medium,182,Commercial,Clear,6.5,1,8.5,No,No,55.8
SITE_0487,47.9,56.6,67.1,7.6,High,62,Bridge,Clear,10.4,2,14.3,No,Yes,82.9
SITE_0488,74.5,60.7,82.0,11.3,Medium,186,Residential,Clear,11.8,1,24.1,No,No,38.1
SITE_0489,46.3,49.5,92.6,1.9,Medium,128,Bridge,Clear,14.0,0,18.2,No,No,52.4
SITE_0490,79.6,81.4,65.0,11.3,Medium,121,Residential,Clear,8.7,0,1.9,No,Yes,45.9
SITE_0491,88.9,82.7,81.3,0.6,Medium,69,Industrial,Rain,8.8,0,33.1,No,No,29.1
SITE_0492,73.1,72.8,51.0,5.1,High,86,Industrial,Clear,8.5,6,32.6,No,No,65.7
SITE_0493,58.7,52.5,80.3,1.0,Low,132,Commercial,Clear,13.1,0,17.9,Yes,Yes,29.1
SITE_0494,75.0,64.3,49.8,7.3,High,76,Industrial,Clear,11.9,2,4.8,Yes,No,74.9
SITE_0495,58.2,54.7,86.8,4.7,High,61,Industrial,Rain,5.2,1,4.3,Yes,Yes,77.0
SITE_0496,85.6,74.5,100.0,6.7,High,165,Residential,Rain,11.2,1,55.7,Yes,No,53.7
SITE_0497,24.7,27.9,62.6,10.1,Medium,86,Commercial,Clear,12.7,2,3.4,Yes,Yes,78.0
SITE_0498,57.6,46.1,21.1,4.1,High,131,Bridge,Clear,13.2,0,18.3,Yes,Yes,92.1
SITE_0499,21.2,28.3,54.0,1.6,Low,11,Residential,Fog,9.3,3,55.2,Yes,No,60.4
SITE_0500,32.1,20.3,89.6,11.6,High,20,Commercial,Rain,9.1,2,6.8,No,No,77.2
SITE_0501,95.0,89.3,76.1,16.6,Low,171,Residential,Rain,7.8,1,3.4,Yes,No,19.4
SITE_0502,84.7,78.4,70.0,11.8,Low,32,Industrial,Rain,8.3,1,6.8,Yes,No,17.7
SITE_0503,49.2,62.4,85.2,0.9,Medium,160,Commercial,Extreme Heat,17.7,1,35.5,Yes,No,46.1
SITE_0504,31.9,35.2,74.7,9.4,Low,181,Highway,Extreme Heat,8.4,4,42.0,Yes,No,45.6
SITE_0505,5.0,5.0,89.4,6.2,Low,99,Commercial,Clear,5.5,1,9.7,No,No,58.0
SITE_0506,53.0,58.0,83.4,3.3,High,178,Residential,Rain,9.4,2,15.3,No,No,73.6
SITE_0507,100.0,78.9,95.4,0.8,Low,88,Industrial,Clear,11.7,0,51.0,Yes,No,0.0
SITE_0508,74.6,74.1,72.2,7.2,Medium,191,Residential,Rain,12.9,2,4.7,Yes,No,53.4
SITE_0509,52.7,72.7,83.1,6.5,Low,51,Residential,Clear,4.6,0,11.4,Yes,No,32.6
SITE_0510,75.2,76.6,58.9,1.6,High,88,Commercial,Clear,15.9,1,25.3,No,Yes,68.2
SITE_0511,30.7,31.3,53.0,2.9,High,81,Highway,Fog,11.4,1,60.9,No,Yes,94.5
SITE_0512,58.5,63.9,99.1,1.1,Medium,158,Commercial,Extreme Heat,15.5,1,51.1,No,No,48.9
SITE_0513,67.2,76.1,69.3,16.0,Medium,13,Residential,Clear,3.7,2,16.4,Yes,No,54.5
SITE_0514,63.1,43.1,81.1,3.9,High,167,Commercial,Fog,13.4,1,8.7,No,No,52.7
SITE_0515,82.4,65.6,67.5,5.6,High,9,Residential,Clear,4.5,0,24.1,No,No,57.5
SITE_0516,72.6,74.7,53.3,5.1,Low,66,Residential,Clear,7.0,0,3.0,No,No,31.3
SITE_0517,79.7,72.6,65.2,9.3,Medium,121,Commercial,Extreme Heat,11.6,3,90.0,Yes,No,49.5
SITE_0518,49.9,63.0,93.7,6.3,High,33,Residential,Clear,4.2,0,6.1,Yes,No,69.3
SITE_0519,84.8,81.6,76.1,1.8,Low,101,Residential,Clear,6.0,0,16.0,Yes,No,19.3
SITE_0520,100.0,80.7,30.8,3.8,High,200,Bridge,Rain,3.6,4,1.0,Yes,Yes,69.0
SITE_0521,43.7,31.0,60.7,2.2,Low,166,Highway,Clear,11.5,1,11.3,No,Yes,40.4
SITE_0522,45.5,18.0,100.0,3.5,High,10,Residential,Clear,5.2,1,14.2,Yes,No,67.2
SITE_0523,94.4,92.0,60.7,6.6,Low,120,Commercial,Clear,8.1,1,8.2,Yes,No,20.9
SITE_0524,60.8,58.9,29.0,3.9,Low,122,Residential,Rain,9.9,0,14.1,No,No,30.6
SITE_0525,95.9,91.6,100.0,5.5,High,18,Industrial,Clear,9.4,1,2.6,Yes,No,39.8
SITE_0526,55.3,66.1,78.6,1.1,High,132,Residential,Clear,9.0,2,16.9,No,Yes,57.1
SITE_0527,97.0,100.0,63.6,4.1,High,107,Residential,Storm,9.0,0,39.6,No,No,46.7
SITE_0528,67.9,66.2,57.6,6.9,High,138,Commercial,Clear,3.8,0,6.0,No,No,72.9
SITE_0529,70.7,49.3,86.6,6.1,Medium,63,Residential,Clear,7.2,2,50.5,No,No,38.4
SITE_0530,99.4,100.0,54.2,3.1,Low,55,Residential,Storm,8.9,1,8.0,Yes,No,22.8
SITE_0531,57.0,62.6,88.0,1.4,Low,149,Residential,Storm,8.4,0,8.7,Yes,No,43.7
SITE_0532,44.3,47.4,75.8,17.5,Medium,146,Bridge,Clear,7.6,0,14.6,No,Yes,72.4
SITE_0533,55.1,64.9,69.9,5.6,Low,36,Bridge,Extreme Heat,5.6,2,12.2,Yes,No,40.5
SITE_0534,75.0,63.3,67.9,4.1,High,47,Highway,Storm,9.3,2,16.2,Yes,Yes,74.2
SITE_0535,30.6,50.6,61.5,1.0,Low,119,Highway,Clear,10.2,0,38.8,No,Yes,43.3
SITE_0536,79.0,69.4,85.9,7.9,Low,167,Commercial,Storm,6.4,1,35.5,Yes,No,14.3
SITE_0537,53.1,60.6,47.7,5.2,Low,44,Industrial,Storm,13.0,2,5.5,Yes,Yes,48.5
SITE_0538,90.3,73.4,32.6,1.6,Low,47,Highway,Rain,16.1,1,10.7,Yes,No,32.4
SITE_0539,12.3,5.0,77.3,0.1,Low,163,Industrial,Rain,8.2,1,41.1,Yes,No,64.0
SITE_0540,47.7,62.9,77.6,4.4,Medium,141,Highway,Storm,5.3,1,1.2,No,No,52.5
SITE_0541,27.9,25.3,74.6,1.2,Low,181,Commercial,Fog,4.2,1,3.6,Yes,No,49.3
SITE_0542,46.8,55.2,73.2,3.1,Medium,158,Residential,Rain,6.9,1,1.6,Yes,No,58.7
SITE_0543,70.4,72.8,58.6,6.9,High,191,Commercial,Extreme Heat,7.9,0,8.6,Yes,No,65.7
SITE_0544,61.1,60.0,80.7,6.8,Medium,42,Residential,Storm,4.1,3,9.0,No,No,49.6
SITE_0545,59.4,73.1,64.1,0.5,Medium,58,Commercial,Extreme Heat,6.8,1,1.0,Yes,No,49.1
SITE_0546,61.5,59.1,55.3,2.4,Low,51,Residential,Fog,12.6,2,22.3,Yes,No,38.2
SITE_0547,69.5,51.7,58.8,13.1,Low,15,Residential,Clear,2.3,2,47.1,No,No,37.2
SITE_0548,42.8,34.8,100.0,1.8,Low,157,Industrial,Clear,8.5,1,11.7,Yes,Yes,36.7
SITE_0549,80.6,86.1,30.3,2.7,High,134,Highway,Rain,6.0,2,3.3,No,Yes,77.4
SITE_0550,79.6,83.5,75.0,3.1,Medium,21,Bridge,Clear,8.0,2,44.8,Yes,No,52.7
SITE_0551,73.5,57.8,31.4,0.0,Low,43,Commercial,Rain,16.5,1,37.0,Yes,Yes,45.2
SITE_0552,77.2,70.0,62.8,7.6,Medium,42,Bridge,Extreme Heat,7.8,1,15.6,Yes,No,46.0
SITE_0553,71.5,65.7,56.3,0.4,High,83,Industrial,Fog,7.3,0,1.0,No,No,66.1
SITE_0554,100.0,96.3,23.3,1.9,Medium,94,Highway,Clear,11.1,1,14.4,Yes,No,44.0
SITE_0555,63.1,49.3,72.8,1.4,Medium,61,Bridge,Storm,9.3,0,11.4,Yes,No,54.6
SITE_0556,58.2,52.0,57.4,5.0,High,187,Commercial,Clear,8.5,0,22.8,Yes,Yes,72.3
SITE_0557,48.4,41.1,23.0,2.6,Medium,46,Commercial,Rain,9.5,3,48.5,Yes,No,83.0
SITE_0558,42.3,50.0,81.8,7.2,Medium,115,Highway,Clear,14.3,1,20.9,No,No,59.6
SITE_0559,37.6,45.7,93.7,8.8,Low,90,Industrial,Rain,12.2,2,40.1,No,No,43.5
SITE_0560,45.4,44.0,94.8,0.9,Low,80,Commercial,Rain,7.0,1,41.4,Yes,No,40.2
SITE_0561,63.4,59.5,72.2,1.2,High,166,Commercial,Storm,16.1,1,24.2,Yes,Yes,66.6
SITE_0562,72.4,73.8,65.9,5.5,Medium,196,Commercial,Rain,6.2,4,17.5,Yes,No,49.2
SITE_0563,66.1,58.0,91.6,9.5,Medium,6,Commercial,Clear,8.5,2,1.0,No,Yes,55.7
SITE_0564,48.2,36.7,98.6,18.3,Medium,95,Industrial,Clear,9.0,0,12.9,Yes,Yes,58.1
SITE_0565,84.8,75.4,87.7,1.4,Low,28,Highway,Clear,6.8,0,4.7,Yes,No,10.3
SITE_0566,81.3,74.9,46.2,10.8,High,90,Commercial,Fog,15.2,0,8.2,No,No,66.2
SITE_0567,61.5,49.9,69.0,0.9,Low,125,Commercial,Extreme Heat,6.7,2,5.7,No,No,32.1
SITE_0568,50.6,52.3,73.8,3.1,High,85,Commercial,Clear,7.5,1,35.3,Yes,No,80.9
SITE_0569,77.1,84.4,28.8,9.7,Medium,65,Residential,Clear,13.1,1,1.0,Yes,No,56.6
SITE_0570,69.1,53.3,74.4,1.6,Low,66,Commercial,Clear,6.3,0,17.8,No,No,25.6
SITE_0571,33.1,33.4,100.0,1.0,Low,63,Industrial,Rain,4.0,0,1.0,No,Yes,49.0
SITE_0572,63.5,61.3,77.8,0.2,High,68,Highway,Clear,8.6,1,45.9,Yes,No,58.8
SITE_0573,70.8,74.2,94.5,5.5,Low,78,Residential,Clear,4.6,1,87.8,Yes,Yes,26.4
SITE_0574,45.2,45.1,68.7,5.0,Low,139,Highway,Clear,4.4,0,9.7,Yes,No,38.5
SITE_0575,69.2,54.6,63.5,22.1,High,23,Highway,Clear,2.3,1,68.7,Yes,No,64.1
SITE_0576,33.0,20.4,72.6,3.9,Low,13,Residential,Clear,2.5,4,1.0,Yes,No,54.4
SITE_0577,94.4,94.7,48.7,1.2,Low,106,Bridge,Clear,2.6,3,29.7,No,Yes,27.5
SITE_0578,92.5,100.0,45.7,2.7,Low,138,Bridge,Rain,17.1,2,26.5,Yes,No,30.5
SITE_0579,59.4,37.3,90.3,0.4,High,55,Industrial,Rain,2.6,2,49.8,Yes,Yes,76.9
SITE_0580,73.0,76.5,92.4,6.5,Low,44,Residential,Clear,4.6,1,1.8,No,Yes,25.3
SITE_0581,12.0,23.9,45.2,7.7,Low,127,Residential,Rain,7.6,0,1.0,Yes,No,60.0
SITE_0582,39.6,38.0,84.4,1.5,Low,80,Commercial,Clear,10.9,3,43.3,Yes,No,36.0
SITE_0583,58.5,64.0,63.3,1.8,Low,149,Residential,Extreme Heat,11.4,0,6.8,No,No,30.9
SITE_0584,41.4,34.4,71.8,0.5,Low,33,Commercial,Fog,5.3,2,65.3,Yes,No,51.2
SITE_0585,80.7,79.5,74.2,0.5,Low,28,Highway,Clear,8.4,1,49.1,No,No,22.0
SITE_0586,100.0,83.8,84.9,3.3,Low,113,Residential,Extreme Heat,7.5,2,5.8,Yes,No,7.7
SITE_0587,39.1,15.7,66.7,4.5,Medium,81,Commercial,Storm,8.2,3,26.6,Yes,No,62.0
SITE_0588,46.6,56.0,93.2,0.1,High,147,Industrial,Rain,8.7,5,3.6,No,No,68.9
SITE_0589,70.2,60.3,71.2,6.5,Low,104,Commercial,Clear,9.9,0,4.3,Yes,Yes,28.4
SITE_0590,100.0,95.4,77.5,2.0,Low,74,Commercial,Clear,5.9,2,73.1,Yes,No,15.8
SITE_0591,38.1,24.2,48.3,4.9,High,36,Bridge,Clear,14.0,5,27.9,Yes,No,89.2
SITE_0592,70.5,56.4,100.0,4.6,High,37,Residential,Fog,18.3,1,50.3,No,Yes,52.5
SITE_0593,100.0,98.3,74.4,9.2,Medium,153,Residential,Rain,6.7,0,7.9,Yes,No,35.1
SITE_0594,28.7,21.4,79.3,11.8,Low,49,Highway,Clear,21.2,3,15.1,No,No,46.4
SITE_0595,36.8,40.6,32.8,11.4,Medium,103,Commercial,Rain,6.1,2,22.4,No,No,86.1
SITE_0596,55.7,60.2,48.5,2.4,Low,165,Residential,Clear,8.5,1,18.8,Yes,No,45.5
SITE_0597,53.5,56.8,89.8,5.7,Low,180,Residential,Clear,7.5,3,34.1,Yes,No,41.6
SITE_0598,82.9,85.3,70.7,1.0,Low,57,Industrial,Rain,8.3,0,9.8,Yes,No,18.8
SITE_0599,70.3,86.1,26.7,3.7,Medium,26,Residential,Rain,13.3,1,50.3,No,No,48.4
SITE_0600,26.0,15.3,85.8,2.1,Low,156,Highway,Extreme Heat,7.3,2,7.6,Yes,No,48.3
SITE_0601,76.3,75.8,54.1,2.4,Medium,139,Commercial,Rain,4.3,0,10.1,No,No,52.5
SITE_0602,52.3,63.6,93.2,8.8,Low,69,Bridge,Rain,5.9,0,40.5,Yes,No,38.4
SITE_0603,93.0,100.0,63.2,13.9,Low,121,Residential,Extreme Heat,7.3,0,11.5,Yes,Yes,30.9
SITE_0604,51.2,37.0,69.1,2.4,High,41,Residential,Clear,8.9,1,19.2,No,Yes,60.7
SITE_0605,51.0,47.9,88.6,9.9,High,142,Commercial,Rain,5.3,0,17.8,Yes,No,75.8
SITE_0606,76.9,90.5,47.1,3.4,Low,147,Highway,Storm,5.6,1,6.0,Yes,No,35.7
SITE_0607,81.8,86.9,45.1,1.8,Medium,63,Residential,Clear,9.0,3,2.3,No,No,38.3
SITE_0608,74.9,76.8,61.1,2.9,Low,96,Commercial,Clear,9.2,0,24.3,No,Yes,33.0
SITE_0609,27.9,25.7,81.5,2.1,Low,70,Commercial,Clear,12.4,2,16.1,Yes,Yes,49.2
SITE_0610,76.8,73.0,38.4,0.9,Medium,11,Residential,Clear,5.8,4,27.8,Yes,Yes,63.9
SITE_0611,42.2,45.1,31.6,0.3,Low,29,Bridge,Rain,10.4,3,1.7,Yes,No,61.0
SITE_0612,70.2,67.7,81.5,0.2,Medium,193,Residential,Clear,7.5,2,14.7,No,No,44.8
SITE_0613,33.7,33.3,52.9,7.5,Medium,94,Commercial,Rain,6.3,3,4.5,Yes,No,65.1
SITE_0614,74.8,75.6,57.2,4.9,Low,33,Residential,Clear,7.7,0,13.0,No,No,25.8
SITE_0615,47.3,40.5,27.9,2.5,Low,13,Commercial,Clear,8.2,2,6.8,No,Yes,44.7
SITE_0616,36.8,42.1,51.4,3.7,Low,74,Commercial,Clear,4.0,1,4.2,No,No,51.0
SITE_0617,80.7,100.0,64.8,25.0,High,197,Commercial,Clear,4.2,1,1.0,Yes,No,69.1
SITE_0618,70.3,52.5,83.6,3.3,Medium,80,Commercial,Fog,11.1,3,5.6,Yes,No,38.7
SITE_0619,51.5,54.7,49.6,1.4,Low,200,Industrial,Clear,6.6,1,39.9,Yes,No,43.5
SITE_0620,96.9,89.3,98.1,7.1,Low,100,Commercial,Clear,8.9,3,4.0,Yes,No,3.8
SITE_0621,55.3,61.1,51.3,0.8,Medium,154,Industrial,Clear,10.9,0,17.5,Yes,No,58.8
SITE_0622,65.7,66.2,51.3,5.2,Low,158,Residential,Clear,7.7,4,52.8,No,No,39.4
SITE_0623,70.9,78.5,95.7,3.2,Medium,10,Commercial,Rain,10.5,1,43.1,Yes,Yes,42.0
SITE_0624,51.4,63.1,69.2,4.7,High,6,Residential,Extreme Heat,8.2,2,6.4,Yes,No,75.9
SITE_0625,75.4,77.3,54.0,1.9,Medium,185,Commercial,Clear,8.4,1,7.1,Yes,No,55.6
SITE_0626,53.3,64.6,61.9,2.9,Low,187,Highway,Rain,13.8,3,1.2,No,Yes,45.7
SITE_0627,55.9,32.5,92.1,8.3,Low,30,Industrial,Clear,7.3,1,30.9,Yes,No,28.6
SITE_0628,95.0,100.0,94.3,0.5,Low,131,Bridge,Extreme Heat,11.1,0,41.7,No,No,15.9
SITE_0629,42.1,45.9,48.7,9.4,Medium,186,Bridge,Rain,3.6,2,28.6,No,No,80.0
SITE_0630,11.9,22.7,64.2,10.6,High,191,Residential,Clear,8.7,1,10.5,Yes,No,100.0
SITE_0631,100.0,87.8,66.8,2.8,Low,63,Residential,Storm,15.5,0,5.6,No,No,8.9
SITE_0632,100.0,91.7,45.3,7.4,Medium,165,Highway,Extreme Heat,22.0,0,57.3,Yes,No,38.2
SITE_0633,56.1,57.5,63.9,5.8,Medium,131,Residential,Clear,3.7,1,6.8,Yes,No,52.9
SITE_0634,22.4,22.2,65.1,4.3,Low,186,Residential,Fog,6.6,1,1.0,Yes,Yes,50.9
SITE_0635,58.2,61.0,87.8,8.2,Low,33,Industrial,Extreme Heat,4.7,0,1.0,Yes,No,32.0
SITE_0636,58.7,69.5,89.1,2.5,Low,122,Industrial,Clear,7.4,0,19.3,No,No,31.1
SITE_0637,60.8,43.2,58.4,10.9,Medium,9,Bridge,Extreme Heat,12.0,0,90.0,No,Yes,72.1
SITE_0638,40.5,50.2,60.7,14.6,Medium,75,Commercial,Rain,14.0,2,32.0,Yes,No,63.2
SITE_0639,77.8,77.8,78.3,5.7,Medium,7,Industrial,Rain,14.3,1,23.6,No,No,40.4
SITE_0640,76.5,74.5,53.3,1.3,High,91,Residential,Rain,3.5,1,32.9,Yes,No,67.3
SITE_0641,32.1,17.4,76.8,0.3,High,163,Commercial,Extreme Heat,8.1,1,11.2,Yes,No,76.9
SITE_0642,80.4,85.4,63.2,3.0,High,133,Commercial,Rain,5.8,2,10.2,No,No,62.5
SITE_0643,100.0,75.9,45.6,0.4,High,67,Industrial,Rain,7.2,1,17.8,Yes,No,63.0
SITE_0644,68.8,75.3,45.9,2.8,High,88,Industrial,Clear,6.2,3,37.2,No,Yes,77.9
SITE_0645,57.6,42.7,93.9,14.7,High,77,Highway,Clear,3.6,1,6.2,Yes,No,70.2
SITE_0646,61.9,62.4,61.9,8.5,Medium,148,Residential,Extreme Heat,14.1,4,3.3,No,No,55.3
SITE_0647,78.5,77.3,97.8,0.5,High,57,Commercial,Storm,5.3,1,52.6,Yes,No,57.4
SITE_0648,26.9,38.6,54.7,1.3,High,23,Residential,Clear,5.8,1,8.3,Yes,No,83.3
SITE_0649,68.6,66.8,70.8,6.6,Medium,104,Industrial,Extreme Heat,15.5,0,2.1,No,No,50.4
SITE_0650,56.4,49.5,100.0,18.3,Medium,167,Residential,Extreme Heat,3.3,1,18.6,Yes,No,52.3
SITE_0651,100.0,94.9,43.9,7.8,Medium,98,Residential,Rain,9.8,1,38.8,Yes,No,41.4
SITE_0652,61.2,73.9,27.0,0.9,High,45,Highway,Clear,12.8,2,10.6,No,No,78.2
SITE_0653,100.0,100.0,90.7,3.0,Medium,14,Commercial,Rain,14.9,3,35.3,Yes,No,29.7
SITE_0654,40.7,36.9,48.5,9.4,High,190,Industrial,Clear,9.5,2,1.0,Yes,Yes,97.0
SITE_0655,77.9,75.6,64.6,5.0,High,154,Residential,Clear,11.2,1,1.7,Yes,Yes,58.2
SITE_0656,72.0,56.4,53.3,2.7,High,35,Industrial,Rain,12.8,1,10.2,No,No,73.8
SITE_0657,45.9,49.8,70.4,25.0,Low,19,Residential,Extreme Heat,7.5,1,9.3,No,No,39.5
SITE_0658,68.9,51.3,46.0,7.5,Medium,30,Residential,Clear,4.9,1,24.6,No,No,54.0
SITE_0659,91.7,99.2,61.4,3.9,High,78,Commercial,Extreme Heat,16.1,1,37.8,Yes,Yes,54.8
SITE_0660,57.9,59.2,74.0,6.8,High,164,Residential,Extreme Heat,10.6,3,23.7,Yes,No,64.0
SITE_0661,27.8,51.6,44.8,1.6,High,36,Bridge,Clear,8.1,0,8.6,Yes,No,81.6
SITE_0662,64.6,53.6,51.0,11.0,Medium,165,Residential,Clear,3.7,1,2.9,Yes,No,63.4
SITE_0663,45.1,44.1,58.1,4.4,Medium,5,Residential,Storm,2.0,1,5.7,No,No,74.3
SITE_0664,57.5,75.5,36.4,7.0,Low,149,Highway,Storm,9.7,0,41.5,Yes,No,37.4
SITE_0665,63.2,75.1,56.5,25.0,High,60,Residential,Clear,1.9,1,6.0,No,Yes,69.7
SITE_0666,27.5,20.5,67.4,4.1,Low,193,Highway,Rain,8.1,0,62.9,No,Yes,59.5
SITE_0667,29.5,31.7,57.0,3.9,Medium,98,Highway,Rain,5.5,0,18.6,No,Yes,75.2
SITE_0668,75.6,75.6,59.6,4.6,High,58,Residential,Storm,6.2,5,31.7,Yes,Yes,77.1
SITE_0669,53.5,56.3,64.6,2.5,Medium,52,Highway,Storm,14.3,0,7.8,Yes,No,56.5
SITE_0670,8.6,5.0,51.9,5.1,Low,167,Residential,Clear,5.5,1,3.6,No,No,58.0
SITE_0671,82.3,81.4,78.8,0.4,Low,83,Commercial,Clear,8.3,1,1.0,No,No,14.5
SITE_0672,71.0,55.0,93.7,11.6,High,73,Residential,Clear,5.5,0,21.9,Yes,No,45.9
SITE_0673,49.3,50.6,55.7,25.0,Medium,149,Industrial,Fog,9.3,1,1.4,No,No,57.4
SITE_0674,36.0,40.5,74.7,4.1,Low,110,Bridge,Extreme Heat,8.6,0,2.6,No,No,47.2
SITE_0675,83.4,81.1,60.2,0.1,Medium,135,Commercial,Extreme Heat,8.1,0,39.5,Yes,No,52.1
SITE_0676,72.7,56.5,72.3,2.1,Low,92,Industrial,Clear,12.8,1,4.6,No,No,32.6
SITE_0677,100.0,100.0,96.3,0.1,High,17,Commercial,Rain,3.3,0,6.5,Yes,No,44.0
SITE_0678,74.2,77.9,75.2,1.0,Low,6,Industrial,Clear,2.8,0,8.1,No,No,12.2
SITE_0679,73.5,66.3,29.5,14.2,Low,12,Highway,Clear,4.1,1,9.2,Yes,No,40.7
SITE_0680,61.3,58.5,74.1,3.0,Low,117,Industrial,Clear,8.7,0,4.2,Yes,No,40.0
SITE_0681,83.0,68.0,89.7,4.0,Medium,105,Industrial,Extreme Heat,10.1,2,13.8,Yes,Yes,53.2
SITE_0682,78.8,68.5,60.6,4.9,Medium,151,Industrial,Clear,1.2,0,36.9,No,No,58.0
SITE_0683,92.5,87.2,84.9,1.4,High,180,Residential,Rain,10.0,0,81.6,No,No,46.3
SITE_0684,53.5,65.8,51.2,11.4,Medium,39,Highway,Fog,17.5,1,18.5,Yes,Yes,58.2
SITE_0685,55.4,49.0,35.3,5.9,Low,192,Industrial,Rain,6.7,3,27.9,Yes,Yes,55.6
SITE_0686,54.5,60.9,67.8,6.2,Low,187,Bridge,Clear,16.3,3,4.8,Yes,Yes,41.3
SITE_0687,82.4,77.0,29.9,4.5,Low,125,Residential,Extreme Heat,9.6,4,2.1,Yes,No,44.7
SITE_0688,98.0,100.0,60.2,7.3,High,108,Industrial,Rain,15.4,1,13.4,No,Yes,55.7
SITE_0689,54.9,53.5,90.7,3.2,Low,39,Residential,Clear,14.0,2,60.2,Yes,No,30.4
SITE_0690,55.7,64.4,26.8,9.0,High,39,Commercial,Rain,6.7,0,36.3,No,No,82.0
SITE_0691,71.9,66.6,39.4,5.0,Low,8,Commercial,Extreme Heat,12.0,2,6.7,No,No,35.7
SITE_0692,59.6,43.9,44.4,0.3,Low,131,Residential,Clear,6.7,2,5.8,Yes,No,46.0
SITE_0693,85.9,72.1,63.7,0.6,Low,89,Highway,Rain,17.3,0,12.9,Yes,Yes,21.7
SITE_0694,15.5,10.1,57.7,2.8,Low,42,Residential,Clear,7.0,1,12.8,No,No,50.1
SITE_0695,46.8,34.3,93.0,0.2,High,31,Highway,Clear,10.3,0,14.4,No,Yes,77.3
SITE_0696,47.8,51.9,84.1,0.5,Medium,17,Industrial,Extreme Heat,18.9,2,12.5,No,No,41.6
SITE_0697,14.0,9.3,74.9,2.8,Low,130,Commercial,Clear,10.5,1,16.8,Yes,No,62.4
SITE_0698,43.8,67.5,67.9,2.1,Medium,139,Highway,Clear,6.3,0,45.5,Yes,No,52.6
SITE_0699,44.9,27.5,72.9,6.2,Medium,128,Residential,Clear,3.9,0,8.7,No,No,55.8
SITE_0700,60.6,62.6,47.8,1.8,High,26,Industrial,Clear,3.3,0,6.0,Yes,No,82.7
SITE_0701,89.5,78.2,82.1,1.9,High,13,Industrial,Clear,10.0,1,33.1,No,No,50.9
SITE_0702,59.6,54.7,42.8,2.7,Medium,25,Residential,Rain,7.7,1,21.6,No,No,52.4
SITE_0703,42.3,43.7,81.7,0.2,High,152,Highway,Clear,4.2,0,2.5,Yes,No,77.1
SITE_0704,63.7,40.5,88.7,6.1,High,150,Commercial,Clear,11.4,0,7.9,Yes,Yes,65.3
SITE_0705,88.1,90.5,69.2,7.9,Medium,62,Commercial,Extreme Heat,11.3,2,21.9,Yes,No,39.4
SITE_0706,43.5,62.6,61.5,21.2,Medium,15,Highway,Fog,7.6,0,37.1,No,No,61.2
SITE_0707,45.0,40.4,73.0,9.0,Low,67,Commercial,Clear,15.7,2,65.0,Yes,No,41.0
SITE_0708,77.3,79.9,7.8,2.3,High,163,Bridge,Clear,2.9,0,15.7,Yes,No,79.3
SITE_0709,60.1,70.4,71.0,8.9,High,33,Residential,Clear,6.4,0,6.5,No,Yes,81.8
SITE_0710,79.2,77.6,62.7,25.0,Low,161,Commercial,Clear,10.5,0,6.6,No,Yes,26.6
SITE_0711,64.7,58.9,64.0,1.5,High,95,Industrial,Clear,4.4,2,15.8,Yes,No,70.3
SITE_0712,80.4,57.7,79.1,19.0,High,32,Residential,Fog,11.9,1,21.8,No,Yes,57.1
SITE_0713,42.2,48.6,63.5,2.6,Low,188,Bridge,Storm,13.7,1,5.2,Yes,No,54.0
SITE_0714,64.7,63.6,42.2,0.4,Medium,106,Residential,Clear,1.6,1,17.8,No,Yes,53.3
SITE_0715,60.4,50.2,62.2,0.4,High,136,Industrial,Fog,16.0,0,52.0,No,Yes,75.0
SITE_0716,38.3,39.5,66.4,1.2,High,23,Bridge,Clear,10.2,0,5.4,Yes,No,79.2
SITE_0717,30.6,24.8,67.3,6.7,Low,77,Commercial,Clear,6.0,3,15.8,Yes,No,43.2
SITE_0718,80.1,74.8,68.2,7.5,Low,128,Residential,Clear,3.4,1,11.0,Yes,No,22.1
SITE_0719,57.3,63.3,85.8,7.0,Medium,131,Commercial,Clear,12.7,3,25.4,No,No,48.7
SITE_0720,42.5,29.1,43.3,3.0,Low,17,Industrial,Extreme Heat,4.0,2,13.1,No,No,47.6
SITE_0721,62.9,73.4,68.5,4.9,Low,123,Commercial,Clear,10.2,1,18.2,Yes,No,32.5
SITE_0722,89.8,75.8,90.8,7.3,Low,190,Commercial,Rain,4.1,2,4.3,No,No,22.6
SITE_0723,14.8,8.2,30.3,4.6,Low,159,Highway,Clear,8.0,1,11.7,Yes,No,70.3
SITE_0724,32.1,51.3,68.6,3.6,Medium,45,Commercial,Extreme Heat,12.4,1,2.9,No,No,52.7
SITE_0725,44.7,56.0,53.3,1.6,Medium,183,Commercial,Rain,6.1,1,7.0,No,No,57.3
SITE_0726,97.1,98.1,57.6,2.9,Medium,138,Commercial,Clear,15.9,1,4.3,Yes,No,34.1
SITE_0727,71.2,61.8,46.9,8.7,High,16,Residential,Clear,10.6,0,67.3,Yes,No,70.5
SITE_0728,81.9,76.6,61.6,4.7,Medium,30,Highway,Extreme Heat,4.4,1,3.9,No,No,46.7
SITE_0729,39.9,40.6,100.0,1.3,Low,185,Industrial,Rain,3.6,0,6.1,No,No,35.5
SITE_0730,40.4,40.7,39.7,1.6,Low,46,Industrial,Clear,5.1,1,2.8,Yes,No,63.9
SITE_0731,74.9,73.9,41.6,9.4,Low,23,Industrial,Extreme Heat,7.8,0,9.8,No,Yes,38.6
SITE_0732,66.3,66.0,39.0,14.2,Low,93,Commercial,Clear,16.7,2,4.5,Yes,No,31.9
SITE_0733,77.1,74.9,99.5,2.1,Low,108,Residential,Clear,18.2,0,52.2,Yes,Yes,24.2
SITE_0734,60.9,46.5,55.8,3.0,Low,117,Bridge,Rain,6.0,0,3.0,No,No,44.9
SITE_0735,71.1,66.0,64.5,0.0,Low,134,Industrial,Clear,5.9,0,21.4,Yes,No,33.7
SITE_0736,68.5,77.6,56.9,0.7,Medium,200,Highway,Clear,11.5,2,23.3,No,No,49.4
SITE_0737,82.1,68.4,46.1,7.2,Medium,153,Commercial,Clear,11.4,0,23.2,No,No,50.5
SITE_0738,82.8,80.9,60.3,24.0,High,10,Highway,Clear,14.7,1,15.7,Yes,No,61.4
SITE_0739,29.4,21.2,100.0,5.5,High,22,Highway,Clear,14.9,1,47.3,Yes,No,64.8
SITE_0740,15.6,16.7,92.8,4.8,Medium,5,Industrial,Clear,5.0,0,15.9,Yes,No,74.0
SITE_0741,87.0,83.2,47.9,9.0,Low,82,Highway,Fog,3.2,1,14.2,Yes,No,36.9
SITE_0742,91.1,100.0,78.0,2.0,Medium,73,Commercial,Rain,10.7,0,20.5,No,No,38.9
SITE_0743,42.5,47.6,48.4,4.7,Low,187,Residential,Clear,8.9,1,8.0,Yes,Yes,47.2
SITE_0744,24.1,11.0,29.5,3.0,Medium,76,Commercial,Clear,2.2,0,26.9,No,No,83.9
SITE_0745,67.2,73.9,85.4,2.9,Low,11,Commercial,Storm,3.1,2,33.1,Yes,No,29.7
SITE_0746,85.5,77.7,88.2,1.2,Medium,178,Industrial,Clear,10.4,1,38.5,Yes,No,39.2
SITE_0747,100.0,94.2,85.9,3.5,Low,56,Commercial,Clear,7.4,3,20.4,No,Yes,13.1
SITE_0748,76.4,79.5,55.6,4.3,Medium,183,Commercial,Rain,10.6,2,16.9,Yes,No,49.9
SITE_0749,56.8,51.9,61.7,11.5,High,156,Commercial,Clear,4.3,1,90.0,No,No,77.1
SITE_0750,45.4,54.3,80.0,18.3,High,177,Bridge,Storm,10.9,4,27.2,No,No,79.8
SITE_0751,65.3,57.5,72.8,0.6,Medium,165,Commercial,Extreme Heat,9.5,5,67.6,No,No,58.6
SITE_0752,58.4,52.2,57.1,0.7,Medium,33,Residential,Extreme Heat,11.3,0,31.0,Yes,Yes,57.2
SITE_0753,42.7,36.1,32.6,10.6,Low,127,Industrial,Clear,6.2,1,51.7,Yes,No,58.4
SITE_0754,100.0,94.3,67.3,5.0,Medium,85,Commercial,Clear,5.5,0,18.2,No,No,30.7
SITE_0755,100.0,100.0,86.6,8.5,Medium,128,Commercial,Clear,3.4,1,8.1,Yes,No,28.0
SITE_0756,90.0,96.3,41.0,0.6,Low,151,Residential,Extreme Heat,6.8,1,1.0,No,Yes,18.8
SITE_0757,44.7,61.8,77.8,1.0,Low,103,Bridge,Extreme Heat,13.4,0,14.4,No,No,34.5
SITE_0758,83.8,100.0,71.6,4.9,High,66,Highway,Extreme Heat,15.2,0,1.6,No,No,53.4
SITE_0759,79.1,68.8,80.0,3.4,Medium,184,Industrial,Clear,4.1,1,41.1,No,No,43.3
SITE_0760,74.7,75.4,82.4,3.6,Medium,134,Residential,Extreme Heat,7.8,1,10.9,No,No,39.6
SITE_0761,92.5,80.7,51.1,13.6,Medium,178,Industrial,Rain,16.8,1,32.6,Yes,No,48.6
SITE_0762,79.0,71.2,32.7,8.2,Medium,51,Highway,Extreme Heat,17.9,2,9.9,No,Yes,64.6
SITE_0763,81.3,75.0,54.3,2.9,Medium,169,Residential,Rain,6.6,1,28.4,No,No,44.3
SITE_0764,79.0,68.4,82.8,13.5,Low,68,Residential,Clear,14.0,0,44.9,Yes,No,15.0
SITE_0765,72.5,62.0,54.2,3.5,Medium,95,Residential,Clear,12.8,4,32.2,No,No,50.4
SITE_0766,25.8,24.3,51.1,8.2,Medium,173,Industrial,Fog,12.3,1,6.7,Yes,No,87.4
SITE_0767,66.8,54.7,28.6,8.0,Low,74,Residential,Clear,2.9,0,29.3,Yes,Yes,43.6
SITE_0768,52.8,61.2,100.0,2.7,High,54,Commercial,Clear,5.8,0,19.6,No,Yes,66.9
SITE_0769,36.8,27.7,81.5,6.5,Low,184,Highway,Clear,7.3,1,7.5,No,No,47.3
SITE_0770,100.0,100.0,80.4,14.9,Medium,194,Industrial,Clear,7.2,0,8.3,Yes,No,21.5
SITE_0771,100.0,95.5,84.4,13.4,Medium,65,Highway,Fog,7.7,1,5.3,No,Yes,36.8
SITE_0772,94.9,95.6,76.5,5.5,Medium,65,Highway,Clear,18.9,1,26.3,Yes,No,36.9
SITE_0773,70.6,57.7,60.1,1.6,Medium,49,Residential,Clear,6.7,2,35.2,Yes,No,52.5
SITE_0774,94.7,100.0,61.7,1.9,High,9,Industrial,Extreme Heat,9.7,0,20.3,Yes,No,51.8
SITE_0775,65.3,76.5,56.4,9.3,Medium,113,Residential,Rain,9.5,2,61.0,No,No,51.1
SITE_0776,69.5,72.4,100.0,4.5,Medium,54,Residential,Clear,7.8,1,5.1,Yes,No,37.4
SITE_0777,40.9,27.5,76.1,4.6,Medium,171,Industrial,Clear,4.2,0,17.0,Yes,No,63.5
SITE_0778,73.7,75.8,55.7,0.3,Low,38,Residential,Clear,8.3,1,1.0,No,No,23.8
SITE_0779,66.3,55.1,74.3,1.8,Low,129,Residential,Clear,2.2,2,29.8,Yes,No,31.1
SITE_0780,36.3,51.0,44.8,6.7,Medium,104,Bridge,Clear,10.2,0,16.7,Yes,No,79.8
SITE_0781,63.9,72.0,95.1,1.7,Low,124,Commercial,Clear,2.0,3,43.1,Yes,Yes,25.0
SITE_0782,63.2,64.2,51.8,1.0,Low,27,Residential,Storm,9.7,2,18.0,No,No,24.8
SITE_0783,100.0,75.6,75.0,2.4,Low,96,Bridge,Extreme Heat,5.6,3,26.1,No,No,23.9
SITE_0784,84.7,74.8,86.3,7.0,Medium,127,Highway,Extreme Heat,4.6,1,35.5,No,No,38.3
SITE_0785,65.3,72.1,72.7,7.2,Low,71,Highway,Clear,11.6,1,10.1,Yes,No,28.3
SITE_0786,70.5,82.6,66.9,4.8,High,176,Residential,Clear,6.3,0,19.4,Yes,No,63.0
SITE_0787,66.0,77.1,65.2,3.8,Medium,108,Bridge,Fog,8.1,1,32.0,No,No,53.3
SITE_0788,60.5,44.6,63.9,12.3,Medium,76,Industrial,Storm,2.9,1,8.7,Yes,Yes,63.1
SITE_0789,41.2,44.2,53.5,11.2,Low,11,Residential,Rain,15.8,1,11.0,Yes,No,48.3
SITE_0790,61.7,71.8,56.0,3.2,Medium,38,Residential,Clear,8.5,1,6.7,Yes,No,49.9
SITE_0791,48.6,32.0,94.6,13.0,Low,98,Residential,Clear,8.5,1,11.4,Yes,Yes,36.1
SITE_0792,37.5,37.4,62.8,14.3,Medium,83,Commercial,Rain,14.2,0,3.4,Yes,Yes,56.6
SITE_0793,76.2,79.0,49.3,6.5,Low,175,Residential,Rain,10.3,1,8.7,No,No,34.5
SITE_0794,73.6,70.6,54.7,3.2,High,159,Highway,Clear,1.4,0,1.9,Yes,No,68.6
SITE_0795,25.7,7.2,87.0,4.6,Low,36,Industrial,Fog,16.5,1,6.4,No,No,46.3
SITE_0796,62.3,59.0,78.5,1.8,Medium,120,Residential,Rain,6.6,1,15.2,Yes,No,53.0
SITE_0797,86.9,83.6,76.2,10.8,Low,94,Bridge,Rain,16.1,4,9.2,No,No,21.8
SITE_0798,88.3,86.8,59.8,3.8,Medium,24,Residential,Clear,6.5,3,21.9,No,No,41.9
SITE_0799,87.6,81.9,76.5,8.9,Medium,135,Residential,Storm,5.7,0,18.9,No,No,39.5
SITE_0800,65.9,61.4,52.1,8.8,Low,110,Highway,Storm,9.9,1,15.8,Yes,No,33.6
SITE_0801,46.4,46.0,59.8,0.4,Low,22,Commercial,Clear,20.8,1,1.0,No,Yes,32.1
SITE_0802,41.2,45.6,84.4,12.0,Low,96,Industrial,Rain,14.0,1,48.9,Yes,No,40.7
SITE_0803,72.6,69.5,82.5,1.2,Low,148,Commercial,Rain,10.5,0,9.6,No,Yes,19.1
SITE_0804,73.3,69.2,45.4,1.9,High,69,Residential,Extreme Heat,9.8,0,19.9,No,No,73.5
SITE_0805,93.3,94.2,47.9,4.9,Medium,74,Commercial,Clear,8.3,4,31.0,No,Yes,49.6
SITE_0806,89.2,70.0,67.2,5.1,Low,26,Residential,Extreme Heat,15.7,3,5.9,No,Yes,17.3
SITE_0807,62.1,66.9,99.5,2.9,High,45,Industrial,Clear,11.7,0,3.6,No,No,53.5
SITE_0808,37.6,37.6,26.7,2.8,Low,197,Highway,Clear,3.4,1,1.0,No,Yes,61.6
SITE_0809,58.0,58.4,70.6,8.3,Medium,126,Commercial,Clear,4.6,0,40.7,Yes,No,56.3
SITE_0810,69.8,79.4,37.5,4.5,Medium,39,Commercial,Clear,10.7,2,4.7,Yes,No,58.4
SITE_0811,60.6,41.0,52.3,7.3,High,99,Highway,Clear,4.1,0,84.4,No,No,79.1
SITE_0812,52.3,32.5,57.7,12.5,Medium,42,Highway,Clear,8.5,1,7.5,No,Yes,58.4
SITE_0813,70.6,73.3,56.6,3.6,Medium,91,Residential,Storm,12.2,0,27.7,Yes,No,39.3
SITE_0814,53.9,53.8,54.3,3.9,High,33,Residential,Clear,10.0,3,1.0,Yes,No,73.7
SITE_0815,51.2,52.9,65.1,2.9,Low,126,Residential,Fog,3.7,1,25.8,Yes,Yes,48.1
SITE_0816,71.9,67.2,54.3,2.1,High,116,Commercial,Clear,4.7,2,4.0,Yes,No,66.7
SITE_0817,56.2,62.8,35.8,11.1,High,129,Commercial,Rain,10.1,0,1.2,Yes,No,86.0
SITE_0818,70.4,79.7,80.6,0.8,High,91,Residential,Extreme Heat,19.7,0,2.1,Yes,No,53.7
SITE_0819,71.0,75.9,80.1,7.6,Low,61,Commercial,Extreme Heat,7.6,0,24.8,Yes,No,33.0
SITE_0820,39.9,37.3,81.9,3.2,Low,53,Commercial,Rain,12.4,0,2.3,No,No,40.3
SITE_0821,54.4,33.3,34.2,3.6,Medium,47,Residential,Storm,10.0,0,8.1,Yes,No,73.1
SITE_0822,96.6,100.0,71.0,16.3,Medium,89,Industrial,Clear,5.6,1,31.3,Yes,No,34.6
SITE_0823,39.4,51.7,78.5,2.7,Medium,93,Bridge,Clear,12.5,4,11.5,Yes,Yes,66.6
SITE_0824,18.4,24.9,44.4,3.1,High,137,Commercial,Clear,2.9,0,1.0,Yes,No,100.0
SITE_0825,24.0,15.2,65.2,1.6,Medium,15,Commercial,Clear,12.1,1,4.4,Yes,No,72.0
SITE_0826,65.6,72.4,62.7,3.4,Low,60,Commercial,Clear,10.3,0,5.9,Yes,No,33.4
SITE_0827,65.7,74.3,100.0,1.4,Medium,172,Industrial,Clear,5.9,0,13.2,Yes,No,35.5
SITE_0828,62.4,78.0,100.0,5.1,Low,184,Bridge,Extreme Heat,4.3,1,66.7,No,Yes,40.8
SITE_0829,91.7,83.0,31.7,2.5,Low,187,Commercial,Extreme Heat,6.2,1,13.4,Yes,No,26.6
SITE_0830,6.2,5.0,100.0,3.6,Low,65,Industrial,Extreme Heat,5.3,1,17.2,Yes,Yes,47.1
SITE_0831,73.7,81.2,46.7,14.9,High,31,Industrial,Storm,6.9,2,12.4,Yes,No,71.8
SITE_0832,99.4,99.9,84.6,25.0,Medium,43,Industrial,Clear,6.5,1,3.5,Yes,No,21.4
SITE_0833,40.2,29.0,84.4,1.2,Medium,30,Residential,Clear,5.9,2,11.9,Yes,Yes,58.2
SITE_0834,56.6,60.8,45.1,12.3,Low,192,Residential,Rain,2.8,0,90.0,Yes,No,62.6
SITE_0835,48.4,54.2,74.9,0.2,Medium,178,Highway,Rain,4.0,0,18.2,Yes,No,57.5
SITE_0836,45.3,46.2,62.8,4.8,High,163,Commercial,Clear,13.5,0,34.1,Yes,No,68.2
SITE_0837,57.8,60.0,76.1,18.5,High,148,Highway,Clear,6.0,0,15.4,No,No,68.8
SITE_0838,96.4,93.8,69.6,5.1,Medium,72,Highway,Clear,7.0,0,76.0,Yes,No,36.2
SITE_0839,100.0,100.0,88.9,15.5,High,98,Residential,Clear,6.3,4,3.9,Yes,No,51.8
SITE_0840,57.6,48.6,66.5,7.8,Medium,169,Residential,Clear,15.9,0,9.4,Yes,Yes,52.3
SITE_0841,100.0,94.1,61.6,3.8,Medium,164,Commercial,Clear,5.3,1,14.1,Yes,Yes,43.5
SITE_0842,65.8,65.9,86.9,5.4,High,106,Residential,Rain,5.1,3,5.6,No,Yes,57.4
SITE_0843,100.0,100.0,76.6,5.2,Low,169,Highway,Fog,10.4,1,9.9,Yes,No,27.8
SITE_0844,62.9,48.0,79.6,8.0,Low,72,Highway,Rain,8.8,0,35.5,Yes,No,36.0
SITE_0845,67.9,54.8,51.7,3.3,Low,86,Commercial,Storm,10.6,0,30.0,No,No,32.0
SITE_0846,73.0,52.7,44.1,3.6,Medium,169,Highway,Extreme Heat,10.2,0,13.6,Yes,No,55.7
SITE_0847,100.0,100.0,53.6,24.4,Medium,78,Commercial,Clear,12.7,1,4.0,Yes,Yes,40.2
SITE_0848,83.7,72.5,52.6,1.9,Medium,152,Highway,Rain,3.7,0,2.3,No,No,43.1
SITE_0849,49.4,45.6,80.7,2.2,Medium,93,Residential,Clear,9.9,2,22.5,No,No,48.2
SITE_0850,86.3,92.9,84.5,3.3,Low,63,Highway,Rain,5.1,1,3.6,Yes,Yes,31.7
SITE_0851,57.0,50.6,61.9,3.7,High,47,Highway,Clear,2.3,1,36.0,No,No,71.7
SITE_0852,54.2,56.5,93.6,1.5,Low,123,Residential,Extreme Heat,10.2,1,28.4,Yes,Yes,21.0
SITE_0853,85.0,82.0,92.4,1.8,High,99,Bridge,Fog,9.9,1,41.5,No,No,44.1
SITE_0854,65.7,72.4,69.9,0.4,Low,77,Industrial,Clear,7.9,1,17.7,Yes,No,37.3
SITE_0855,71.1,75.9,48.6,1.6,Medium,150,Residential,Clear,12.8,0,8.1,No,Yes,50.7
SITE_0856,65.3,58.4,96.5,6.5,Medium,5,Highway,Clear,5.1,2,10.7,Yes,No,46.4
SITE_0857,72.4,70.7,63.8,3.5,High,23,Industrial,Extreme Heat,11.1,0,10.6,Yes,No,71.7
SITE_0858,74.3,84.8,67.5,1.0,Low,193,Industrial,Rain,7.3,2,59.9,Yes,Yes,31.5
SITE_0859,22.4,26.3,58.2,0.1,High,135,Commercial,Clear,7.6,0,15.4,No,No,89.1
SITE_0860,79.7,65.7,47.2,2.2,Medium,112,Bridge,Extreme Heat,2.5,1,1.6,No,No,49.5
SITE_0861,43.4,50.0,35.6,0.8,Medium,7,Industrial,Clear,12.8,0,12.6,No,Yes,74.9
SITE_0862,33.3,22.4,77.7,0.1,Medium,122,Bridge,Clear,9.7,1,2.6,No,No,60.8
SITE_0863,63.7,77.8,49.3,8.0,Low,90,Residential,Clear,10.8,2,1.0,Yes,No,34.8
SITE_0864,66.8,77.1,100.0,7.3,Medium,122,Residential,Rain,4.7,3,19.9,No,Yes,49.1
SITE_0865,49.7,52.6,43.3,1.6,Low,13,Highway,Clear,9.2,0,8.8,Yes,No,50.5
SITE_0866,83.3,84.9,39.9,1.1,Low,112,Commercial,Clear,7.3,0,3.6,No,No,25.8
SITE_0867,35.5,33.4,75.2,6.3,Medium,118,Residential,Clear,10.0,1,56.2,No,No,59.8
SITE_0868,56.0,62.8,95.6,3.2,Medium,61,Commercial,Extreme Heat,8.9,0,42.8,Yes,Yes,60.5
SITE_0869,52.1,48.4,66.3,3.3,Low,15,Highway,Rain,17.4,1,6.5,Yes,Yes,44.2
SITE_0870,64.0,66.3,76.4,3.2,Low,195,Commercial,Extreme Heat,14.8,3,13.7,No,No,23.1
SITE_0871,71.1,79.9,28.1,7.1,Low,144,Industrial,Rain,6.9,2,26.1,No,No,38.0
SITE_0872,42.8,37.2,51.4,20.2,Low,126,Highway,Storm,10.2,2,4.3,No,No,54.5
SITE_0873,80.9,74.8,43.5,4.4,Medium,155,Industrial,Clear,6.6,0,5.5,Yes,No,54.3
SITE_0874,66.4,54.4,27.1,20.4,Low,136,Industrial,Extreme Heat,12.6,1,25.6,Yes,No,47.3
SITE_0875,23.4,12.7,67.3,1.1,High,31,Residential,Clear,7.5,2,51.3,No,No,87.4
SITE_0876,21.9,5.0,20.1,5.4,Low,94,Highway,Clear,6.1,2,23.2,No,No,70.7
SITE_0877,64.7,72.0,38.6,0.5,Low,179,Residential,Clear,9.1,4,90.0,Yes,No,44.3
SITE_0878,60.1,78.2,54.3,5.3,High,61,Industrial,Clear,14.2,1,5.6,No,No,75.2
SITE_0879,62.7,77.0,48.4,8.3,Low,195,Residential,Fog,13.1,0,56.1,No,No,41.9
SITE_0880,64.4,48.1,72.9,1.2,Medium,17,Highway,Fog,6.3,1,36.5,No,No,55.1
SITE_0881,70.0,77.2,71.1,1.7,High,69,Industrial,Storm,16.7,2,5.7,No,No,67.0
SITE_0882,85.8,100.0,82.9,7.5,High,73,Residential,Clear,4.9,2,10.3,No,No,50.0
SITE_0883,40.6,36.0,80.0,2.2,Medium,126,Industrial,Extreme Heat,5.7,2,26.8,No,No,65.4
SITE_0884,39.2,40.2,87.8,0.1,Low,39,Residential,Storm,12.4,1,66.2,Yes,No,44.4
SITE_0885,40.9,20.9,65.0,7.4,Medium,49,Commercial,Clear,2.3,2,5.7,Yes,No,73.9
SITE_0886,71.4,74.0,71.1,7.1,High,134,Commercial,Rain,8.1,1,58.8,No,No,67.3
SITE_0887,92.4,81.8,75.2,1.7,High,60,Commercial,Rain,6.9,3,9.7,No,Yes,57.8
SITE_0888,55.5,57.5,67.8,16.0,Low,177,Bridge,Clear,17.1,0,17.2,Yes,No,47.9
SITE_0889,10.0,5.0,57.1,1.9,Low,175,Industrial,Rain,4.4,0,10.0,No,No,58.5
SITE_0890,27.5,32.9,58.4,0.7,Low,64,Commercial,Storm,4.7,0,9.3,Yes,No,51.5
SITE_0891,46.7,56.9,48.6,3.0,Low,114,Bridge,Clear,18.3,1,5.7,Yes,No,42.9
SITE_0892,52.7,44.9,73.4,0.2,Medium,70,Industrial,Clear,6.9,2,16.8,No,No,54.4
SITE_0893,56.0,44.6,63.1,3.5,Low,72,Highway,Rain,13.9,0,4.6,No,No,23.3
SITE_0894,65.8,44.3,51.7,5.7,Low,136,Residential,Storm,6.3,1,90.0,Yes,No,50.4
SITE_0895,58.1,55.5,51.8,19.2,Low,62,Industrial,Fog,5.6,1,27.3,Yes,Yes,44.8
SITE_0896,88.1,82.3,40.8,15.1,Medium,34,Residential,Extreme Heat,14.3,1,9.8,Yes,No,49.6
SITE_0897,50.1,34.6,84.6,5.1,Low,55,Bridge,Rain,20.5,0,11.0,Yes,No,25.5
SITE_0898,46.0,50.6,66.6,0.3,Medium,187,Bridge,Rain,14.8,1,18.7,Yes,No,64.6
SITE_0899,75.5,71.0,47.7,4.5,Low,55,Highway,Rain,6.1,0,13.3,Yes,No,30.9
SITE_0900,31.2,20.5,81.2,7.1,High,76,Residential,Rain,7.9,1,14.8,Yes,Yes,78.1
SITE_0901,73.6,68.0,53.8,11.2,Low,128,Residential,Clear,4.8,0,20.8,No,Yes,36.1
SITE_0902,67.3,78.0,36.9,14.7,Medium,24,Highway,Rain,5.2,0,9.7,No,No,56.0
SITE_0903,61.8,67.8,85.4,3.2,Low,57,Residential,Storm,5.1,0,52.5,No,Yes,28.0
SITE_0904,99.9,98.6,54.3,0.5,Low,39,Commercial,Rain,6.4,1,4.2,Yes,No,19.7
SITE_0905,51.3,57.5,56.8,10.8,Low,186,Highway,Extreme Heat,8.6,2,1.0,Yes,Yes,52.4
SITE_0906,100.0,88.4,65.8,1.1,Low,187,Highway,Rain,8.1,1,1.0,Yes,No,12.9
SITE_0907,60.0,60.4,87.9,6.2,Low,153,Residential,Clear,11.5,0,6.3,No,No,17.6
SITE_0908,36.9,38.4,65.4,1.7,Medium,53,Commercial,Clear,8.8,0,43.5,Yes,No,66.0
SITE_0909,66.5,61.8,41.0,1.6,Medium,125,Industrial,Clear,10.9,1,2.3,No,No,59.7
SITE_0910,41.3,45.7,75.9,14.4,Low,134,Commercial,Clear,11.8,2,17.7,Yes,No,49.2
SITE_0911,48.5,40.7,55.3,5.0,Medium,175,Residential,Clear,6.2,1,3.5,No,No,55.2
SITE_0912,73.7,78.8,100.0,11.1,Medium,35,Residential,Clear,7.4,2,26.0,Yes,Yes,42.0
SITE_0913,77.2,82.7,65.0,2.5,Low,149,Commercial,Clear,30.0,2,3.2,Yes,No,28.2
SITE_0914,51.3,22.1,20.3,3.9,Low,43,Industrial,Clear,5.9,0,1.0,No,Yes,68.5
SITE_0915,86.7,98.6,72.1,4.7,Low,116,Commercial,Extreme Heat,11.2,1,7.0,Yes,No,12.3
SITE_0916,90.5,60.0,100.0,10.6,Low,177,Residential,Storm,3.8,5,1.1,No,Yes,13.8
SITE_0917,96.6,90.4,96.5,3.7,Medium,17,Commercial,Clear,12.0,1,7.4,Yes,No,28.6
SITE_0918,76.6,86.9,100.0,4.7,High,34,Residential,Clear,5.4,1,37.0,No,No,46.5
SITE_0919,95.0,91.8,44.6,4.6,High,164,Residential,Clear,8.2,1,1.0,No,No,51.5
SITE_0920,23.6,9.0,83.2,5.4,High,8,Industrial,Clear,3.5,1,34.4,Yes,No,89.6
SITE_0921,58.0,47.1,50.6,0.6,Medium,139,Highway,Clear,7.8,1,28.0,No,Yes,72.7
SITE_0922,45.9,56.2,69.5,2.6,Low,103,Residential,Clear,7.9,2,51.0,No,No,31.5
SITE_0923,67.6,48.4,39.5,0.2,Low,72,Commercial,Clear,7.3,1,41.9,No,No,46.6
SITE_0924,52.4,63.7,52.1,0.2,Low,174,Residential,Fog,10.0,1,9.2,Yes,No,37.0
SITE_0925,61.3,60.8,51.5,19.5,Low,171,Residential,Rain,13.7,3,38.8,Yes,No,43.2
SITE_0926,100.0,88.1,83.0,0.5,Low,68,Bridge,Extreme Heat,4.6,1,44.8,No,No,22.4
SITE_0927,61.3,55.4,81.0,6.1,Medium,5,Commercial,Clear,7.4,3,25.4,Yes,No,54.0
SITE_0928,74.1,63.9,70.5,2.6,Low,30,Highway,Clear,3.6,1,1.3,No,No,25.2
SITE_0929,59.9,68.6,38.0,1.4,Low,26,Industrial,Fog,2.7,2,11.0,Yes,No,50.9
SITE_0930,66.7,74.0,58.8,9.0,Medium,197,Residential,Clear,8.8,0,7.4,No,No,48.5
SITE_0931,65.1,47.9,50.1,1.1,Low,121,Industrial,Rain,4.4,0,46.9,Yes,No,45.6
SITE_0932,74.9,70.8,82.4,11.4,High,137,Commercial,Fog,8.1,0,1.0,No,No,53.8
SITE_0933,90.6,82.0,88.6,2.6,Low,50,Residential,Rain,8.9,2,4.4,Yes,No,18.3
SITE_0934,100.0,100.0,86.1,0.3,Medium,171,Industrial,Clear,3.0,1,36.0,Yes,Yes,30.4
SITE_0935,71.8,58.3,49.9,2.2,Low,146,Residential,Rain,9.6,4,18.1,Yes,No,30.6
SITE_0936,78.0,94.0,10.2,5.8,Medium,152,Bridge,Clear,13.3,0,2.0,No,No,50.8
SITE_0937,39.7,39.3,29.7,2.4,Low,96,Highway,Clear,10.7,2,20.1,Yes,Yes,60.6
SITE_0938,63.1,51.4,93.4,1.1,Low,141,Residential,Clear,4.7,1,27.3,No,No,15.7
SITE_0939,85.7,78.9,57.0,2.3,Medium,111,Industrial,Extreme Heat,7.8,0,43.0,Yes,No,45.1
SITE_0940,84.1,76.0,50.0,1.0,Low,80,Residential,Rain,8.2,1,67.9,No,Yes,25.7
SITE_0941,69.7,56.9,97.9,11.4,Low,121,Industrial,Clear,7.4,3,1.7,No,No,30.9
SITE_0942,84.5,85.4,90.3,4.0,High,68,Residential,Clear,3.7,2,13.1,Yes,No,47.0
SITE_0943,75.8,63.5,65.5,4.9,Low,191,Residential,Rain,5.1,1,24.3,Yes,No,22.9
SITE_0944,91.4,69.6,59.1,16.9,Medium,145,Commercial,Extreme Heat,7.1,1,14.8,Yes,Yes,51.2
SITE_0945,71.4,67.6,62.4,1.4,Medium,149,Industrial,Clear,8.9,0,33.4,No,No,58.9
SITE_0946,57.2,39.1,69.5,1.0,Low,145,Residential,Clear,5.9,2,90.0,No,Yes,41.3
SITE_0947,72.4,64.9,97.0,1.4,Medium,92,Industrial,Extreme Heat,1.6,0,90.0,Yes,No,47.5
SITE_0948,5.0,5.0,73.4,15.3,Low,191,Residential,Extreme Heat,2.5,0,21.4,No,No,66.5
SITE_0949,73.4,64.7,79.5,9.0,Medium,45,Commercial,Extreme Heat,6.1,1,25.4,No,No,48.8
SITE_0950,5.0,25.0,88.4,19.2,Low,116,Commercial,Clear,17.4,1,48.9,No,Yes,56.7
SITE_0951,27.1,27.6,41.6,0.6,Low,18,Residential,Clear,9.7,3,1.0,Yes,Yes,57.8
SITE_0952,74.9,77.4,80.1,1.7,Low,62,Industrial,Clear,8.7,2,4.0,No,No,24.4
SITE_0953,75.5,57.7,59.1,1.0,High,117,Commercial,Clear,5.1,0,4.3,Yes,No,57.5
SITE_0954,39.4,32.9,14.7,7.4,High,100,Highway,Extreme Heat,6.2,0,34.4,No,No,92.7
SITE_0955,49.3,51.5,22.4,1.3,High,189,Bridge,Clear,2.4,2,66.6,Yes,No,100.0
SITE_0956,95.2,84.9,44.6,13.9,Medium,125,Commercial,Rain,4.9,0,12.8,No,No,51.2
SITE_0957,54.4,63.4,75.6,2.4,Medium,85,Bridge,Extreme Heat,9.4,3,3.1,No,Yes,60.2
SITE_0958,100.0,88.0,67.3,12.2,Medium,88,Industrial,Fog,8.8,4,23.7,No,No,28.3
SITE_0959,65.0,62.1,68.7,2.4,High,124,Highway,Rain,5.6,2,5.0,Yes,No,62.9
SITE_0960,74.0,68.1,100.0,0.7,Medium,160,Commercial,Fog,7.4,1,14.5,No,No,31.3
SITE_0961,100.0,100.0,39.6,6.7,Low,59,Bridge,Clear,8.1,2,2.7,Yes,No,25.7
SITE_0962,67.9,61.5,64.5,2.2,Medium,119,Bridge,Clear,5.8,0,15.0,No,No,44.8
SITE_0963,42.9,40.2,71.1,0.8,Medium,117,Commercial,Clear,9.9,1,15.3,Yes,No,58.9
SITE_0964,62.6,60.2,50.3,2.0,Low,6,Bridge,Fog,8.7,1,18.6,No,Yes,51.9
SITE_0965,64.2,56.9,65.6,2.4,Low,183,Commercial,Extreme Heat,6.4,2,19.2,Yes,No,36.9
SITE_0966,35.0,39.8,33.0,25.0,Low,116,Highway,Clear,3.9,2,9.3,Yes,No,63.4
SITE_0967,59.4,61.8,93.2,6.0,High,52,Industrial,Clear,6.1,0,47.5,Yes,No,60.4
SITE_0968,48.7,47.8,51.4,0.9,Low,129,Industrial,Clear,5.9,1,2.8,Yes,No,37.6
SITE_0969,85.3,81.0,100.0,1.9,High,137,Industrial,Clear,5.6,1,1.7,Yes,No,43.1
SITE_0970,65.8,73.7,64.4,4.3,Medium,184,Bridge,Extreme Heat,3.0,0,13.2,No,Yes,47.8
SITE_0971,58.8,56.4,85.6,1.7,High,11,Highway,Clear,15.1,1,1.4,No,No,60.4
SITE_0972,62.7,59.6,63.9,2.3,Low,86,Residential,Extreme Heat,14.7,2,3.0,No,No,31.0
SITE_0973,69.9,71.0,64.4,1.1,High,40,Commercial,Rain,7.3,0,3.2,No,No,55.8
SITE_0974,78.6,95.5,53.3,0.5,Medium,117,Residential,Clear,8.9,1,2.0,Yes,No,47.4
SITE_0975,43.0,29.6,67.4,12.4,Low,103,Residential,Clear,9.9,1,32.2,Yes,No,52.9
SITE_0976,42.1,49.8,71.4,2.2,Low,98,Industrial,Fog,7.4,0,7.3,Yes,Yes,57.4
SITE_0977,89.3,70.4,49.3,4.5,Low,197,Industrial,Rain,9.2,0,61.6,Yes,Yes,39.4
SITE_0978,55.9,58.1,62.5,1.8,Low,109,Commercial,Clear,10.6,0,18.2,No,No,31.7
SITE_0979,33.8,49.6,52.8,14.4,Medium,85,Residential,Clear,8.5,1,45.9,No,No,73.8
SITE_0980,74.8,79.7,100.0,3.8,High,18,Highway,Extreme Heat,11.5,1,19.3,No,No,57.6
SITE_0981,75.2,76.9,63.2,0.6,Medium,61,Commercial,Extreme Heat,5.5,2,13.4,No,Yes,39.1
SITE_0982,31.3,25.7,95.9,4.1,Medium,180,Industrial,Extreme Heat,7.8,1,16.7,Yes,Yes,74.9
SITE_0983,70.0,70.4,61.1,5.1,Medium,93,Industrial,Rain,25.4,1,7.0,No,Yes,47.5
SITE_0984,81.2,78.7,70.2,0.5,High,183,Commercial,Extreme Heat,12.8,1,13.1,Yes,No,53.4
SITE_0985,73.2,65.4,38.6,9.3,High,109,Residential,Clear,8.6,2,2.6,No,Yes,71.7
SITE_0986,78.9,76.0,56.1,3.9,Low,112,Residential,Storm,4.7,0,15.1,Yes,Yes,35.6
SITE_0987,34.1,36.1,69.2,0.9,High,89,Residential,Clear,8.0,2,25.4,Yes,No,75.4
SITE_0988,72.3,64.6,96.7,15.1,Low,114,Commercial,Rain,12.4,1,21.4,Yes,No,19.2
SITE_0989,58.3,50.3,69.4,7.9,High,18,Residential,Fog,11.1,0,7.5,Yes,No,71.6
SITE_0990,54.4,40.8,92.7,5.5,High,16,Residential,Fog,2.6,2,3.0,Yes,No,68.9
SITE_0991,84.2,88.1,77.8,0.2,Medium,98,Residential,Rain,3.1,3,24.2,Yes,No,44.2
SITE_0992,97.5,100.0,97.5,18.2,Low,122,Residential,Rain,3.2,1,43.1,No,No,7.5
SITE_0993,100.0,100.0,63.8,2.9,Medium,112,Highway,Extreme Heat,9.9,5,2.3,No,No,40.1
SITE_0994,93.9,100.0,100.0,2.4,Low,89,Residential,Fog,3.2,2,6.1,Yes,Yes,19.3
SITE_0995,62.6,63.5,55.3,0.3,High,62,Industrial,Storm,4.5,0,12.0,Yes,Yes,83.9
SITE_0996,72.8,76.7,49.7,1.8,Low,143,Residential,Clear,7.2,2,34.9,No,No,33.9
SITE_0997,81.9,84.9,40.8,10.9,Medium,123,Residential,Clear,13.4,3,13.7,Yes,Yes,60.8
SITE_0998,67.7,66.8,100.0,10.8,High,14,Residential,Extreme Heat,10.2,1,20.3,No,No,58.4
SITE_0999,67.9,62.6,81.4,0.5,Low,93,Highway,Storm,6.8,0,3.5,Yes,No,42.6
SITE_1000,83.1,100.0,58.3,3.0,Low,144,Residential,Storm,11.7,0,4.4,Yes,Yes,33.1
